--
-- PostgreSQL database dump
--

-- Dumped from database version 14.18 (Homebrew)
-- Dumped by pg_dump version 14.18 (Homebrew)

SET statement_timeout = 0;
SET lock_timeout = 0;
SET idle_in_transaction_session_timeout = 0;
SET client_encoding = 'UTF8';
SET standard_conforming_strings = on;
SELECT pg_catalog.set_config('search_path', '', false);
SET check_function_bodies = false;
SET xmloption = content;
SET client_min_messages = warning;
SET row_security = off;

SET default_tablespace = '';

SET default_table_access_method = heap;

--
-- Name: account_emailaddress; Type: TABLE; Schema: public; Owner: dev_admin
--

CREATE TABLE public.account_emailaddress (
    id integer NOT NULL,
    email character varying(254) NOT NULL,
    verified boolean NOT NULL,
    "primary" boolean NOT NULL,
    user_id bigint NOT NULL
);


ALTER TABLE public.account_emailaddress OWNER TO dev_admin;

--
-- Name: account_emailaddress_id_seq; Type: SEQUENCE; Schema: public; Owner: dev_admin
--

ALTER TABLE public.account_emailaddress ALTER COLUMN id ADD GENERATED BY DEFAULT AS IDENTITY (
    SEQUENCE NAME public.account_emailaddress_id_seq
    START WITH 1
    INCREMENT BY 1
    NO MINVALUE
    NO MAXVALUE
    CACHE 1
);


--
-- Name: account_emailconfirmation; Type: TABLE; Schema: public; Owner: dev_admin
--

CREATE TABLE public.account_emailconfirmation (
    id integer NOT NULL,
    created timestamp with time zone NOT NULL,
    sent timestamp with time zone,
    key character varying(64) NOT NULL,
    email_address_id integer NOT NULL
);


ALTER TABLE public.account_emailconfirmation OWNER TO dev_admin;

--
-- Name: account_emailconfirmation_id_seq; Type: SEQUENCE; Schema: public; Owner: dev_admin
--

ALTER TABLE public.account_emailconfirmation ALTER COLUMN id ADD GENERATED BY DEFAULT AS IDENTITY (
    SEQUENCE NAME public.account_emailconfirmation_id_seq
    START WITH 1
    INCREMENT BY 1
    NO MINVALUE
    NO MAXVALUE
    CACHE 1
);


--
-- Name: auth_group; Type: TABLE; Schema: public; Owner: dev_admin
--

CREATE TABLE public.auth_group (
    id integer NOT NULL,
    name character varying(150) NOT NULL
);


ALTER TABLE public.auth_group OWNER TO dev_admin;

--
-- Name: auth_group_id_seq; Type: SEQUENCE; Schema: public; Owner: dev_admin
--

ALTER TABLE public.auth_group ALTER COLUMN id ADD GENERATED BY DEFAULT AS IDENTITY (
    SEQUENCE NAME public.auth_group_id_seq
    START WITH 1
    INCREMENT BY 1
    NO MINVALUE
    NO MAXVALUE
    CACHE 1
);


--
-- Name: auth_group_permissions; Type: TABLE; Schema: public; Owner: dev_admin
--

CREATE TABLE public.auth_group_permissions (
    id integer NOT NULL,
    group_id integer NOT NULL,
    permission_id integer NOT NULL
);


ALTER TABLE public.auth_group_permissions OWNER TO dev_admin;

--
-- Name: auth_group_permissions_id_seq; Type: SEQUENCE; Schema: public; Owner: dev_admin
--

ALTER TABLE public.auth_group_permissions ALTER COLUMN id ADD GENERATED BY DEFAULT AS IDENTITY (
    SEQUENCE NAME public.auth_group_permissions_id_seq
    START WITH 1
    INCREMENT BY 1
    NO MINVALUE
    NO MAXVALUE
    CACHE 1
);


--
-- Name: auth_permission; Type: TABLE; Schema: public; Owner: dev_admin
--

CREATE TABLE public.auth_permission (
    id integer NOT NULL,
    name character varying(255) NOT NULL,
    content_type_id integer NOT NULL,
    codename character varying(100) NOT NULL
);


ALTER TABLE public.auth_permission OWNER TO dev_admin;

--
-- Name: auth_permission_id_seq; Type: SEQUENCE; Schema: public; Owner: dev_admin
--

ALTER TABLE public.auth_permission ALTER COLUMN id ADD GENERATED BY DEFAULT AS IDENTITY (
    SEQUENCE NAME public.auth_permission_id_seq
    START WITH 1
    INCREMENT BY 1
    NO MINVALUE
    NO MAXVALUE
    CACHE 1
);


--
-- Name: authtoken_token; Type: TABLE; Schema: public; Owner: dev_admin
--

CREATE TABLE public.authtoken_token (
    key character varying(40) NOT NULL,
    created timestamp with time zone NOT NULL,
    user_id bigint NOT NULL
);


ALTER TABLE public.authtoken_token OWNER TO dev_admin;

--
-- Name: core_accesslog; Type: TABLE; Schema: public; Owner: dev_admin
--

CREATE TABLE public.core_accesslog (
    id bigint NOT NULL,
    accessed_at timestamp with time zone NOT NULL,
    user_agent text NOT NULL,
    work_id bigint NOT NULL
);


ALTER TABLE public.core_accesslog OWNER TO dev_admin;

--
-- Name: core_accesslog_id_seq; Type: SEQUENCE; Schema: public; Owner: dev_admin
--

ALTER TABLE public.core_accesslog ALTER COLUMN id ADD GENERATED BY DEFAULT AS IDENTITY (
    SEQUENCE NAME public.core_accesslog_id_seq
    START WITH 1
    INCREMENT BY 1
    NO MINVALUE
    NO MAXVALUE
    CACHE 1
);


--
-- Name: core_favorite; Type: TABLE; Schema: public; Owner: dev_admin
--

CREATE TABLE public.core_favorite (
    id bigint NOT NULL,
    created_at timestamp with time zone NOT NULL,
    user_id bigint NOT NULL,
    work_id bigint NOT NULL
);


ALTER TABLE public.core_favorite OWNER TO dev_admin;

--
-- Name: core_favorite_id_seq; Type: SEQUENCE; Schema: public; Owner: dev_admin
--

ALTER TABLE public.core_favorite ALTER COLUMN id ADD GENERATED BY DEFAULT AS IDENTITY (
    SEQUENCE NAME public.core_favorite_id_seq
    START WITH 1
    INCREMENT BY 1
    NO MINVALUE
    NO MAXVALUE
    CACHE 1
);


--
-- Name: core_image; Type: TABLE; Schema: public; Owner: dev_admin
--

CREATE TABLE public.core_image (
    id bigint NOT NULL,
    purpose character varying(20) NOT NULL,
    "order" integer NOT NULL,
    created_at timestamp with time zone NOT NULL,
    work_id bigint NOT NULL,
    image_file character varying(100) NOT NULL,
    CONSTRAINT core_image_order_check CHECK (("order" >= 0))
);


ALTER TABLE public.core_image OWNER TO dev_admin;

--
-- Name: core_image_id_seq; Type: SEQUENCE; Schema: public; Owner: dev_admin
--

ALTER TABLE public.core_image ALTER COLUMN id ADD GENERATED BY DEFAULT AS IDENTITY (
    SEQUENCE NAME public.core_image_id_seq
    START WITH 1
    INCREMENT BY 1
    NO MINVALUE
    NO MAXVALUE
    CACHE 1
);


--
-- Name: core_purchase; Type: TABLE; Schema: public; Owner: dev_admin
--

CREATE TABLE public.core_purchase (
    id bigint NOT NULL,
    stripe_session_id character varying(255) NOT NULL,
    purchased_at timestamp with time zone NOT NULL,
    user_id bigint NOT NULL,
    work_id bigint NOT NULL
);


ALTER TABLE public.core_purchase OWNER TO dev_admin;

--
-- Name: core_purchase_id_seq; Type: SEQUENCE; Schema: public; Owner: dev_admin
--

ALTER TABLE public.core_purchase ALTER COLUMN id ADD GENERATED BY DEFAULT AS IDENTITY (
    SEQUENCE NAME public.core_purchase_id_seq
    START WITH 1
    INCREMENT BY 1
    NO MINVALUE
    NO MAXVALUE
    CACHE 1
);


--
-- Name: core_user; Type: TABLE; Schema: public; Owner: dev_admin
--

CREATE TABLE public.core_user (
    id bigint NOT NULL,
    password character varying(128) NOT NULL,
    last_login timestamp with time zone,
    is_superuser boolean NOT NULL,
    username character varying(150) NOT NULL,
    first_name character varying(150) NOT NULL,
    last_name character varying(150) NOT NULL,
    email character varying(254) NOT NULL,
    is_staff boolean NOT NULL,
    is_active boolean NOT NULL,
    date_joined timestamp with time zone NOT NULL,
    name character varying(100) NOT NULL,
    is_admin boolean NOT NULL,
    created_at timestamp with time zone NOT NULL
);


ALTER TABLE public.core_user OWNER TO dev_admin;

--
-- Name: core_user_groups; Type: TABLE; Schema: public; Owner: dev_admin
--

CREATE TABLE public.core_user_groups (
    id integer NOT NULL,
    user_id bigint NOT NULL,
    group_id integer NOT NULL
);


ALTER TABLE public.core_user_groups OWNER TO dev_admin;

--
-- Name: core_user_groups_id_seq; Type: SEQUENCE; Schema: public; Owner: dev_admin
--

ALTER TABLE public.core_user_groups ALTER COLUMN id ADD GENERATED BY DEFAULT AS IDENTITY (
    SEQUENCE NAME public.core_user_groups_id_seq
    START WITH 1
    INCREMENT BY 1
    NO MINVALUE
    NO MAXVALUE
    CACHE 1
);


--
-- Name: core_user_id_seq; Type: SEQUENCE; Schema: public; Owner: dev_admin
--

ALTER TABLE public.core_user ALTER COLUMN id ADD GENERATED BY DEFAULT AS IDENTITY (
    SEQUENCE NAME public.core_user_id_seq
    START WITH 1
    INCREMENT BY 1
    NO MINVALUE
    NO MAXVALUE
    CACHE 1
);


--
-- Name: core_user_user_permissions; Type: TABLE; Schema: public; Owner: dev_admin
--

CREATE TABLE public.core_user_user_permissions (
    id integer NOT NULL,
    user_id bigint NOT NULL,
    permission_id integer NOT NULL
);


ALTER TABLE public.core_user_user_permissions OWNER TO dev_admin;

--
-- Name: core_user_user_permissions_id_seq; Type: SEQUENCE; Schema: public; Owner: dev_admin
--

ALTER TABLE public.core_user_user_permissions ALTER COLUMN id ADD GENERATED BY DEFAULT AS IDENTITY (
    SEQUENCE NAME public.core_user_user_permissions_id_seq
    START WITH 1
    INCREMENT BY 1
    NO MINVALUE
    NO MAXVALUE
    CACHE 1
);


--
-- Name: core_work; Type: TABLE; Schema: public; Owner: dev_admin
--

CREATE TABLE public.core_work (
    id bigint NOT NULL,
    title_en character varying(100) NOT NULL,
    title_ja character varying(100) NOT NULL,
    description_en text NOT NULL,
    description_ja text NOT NULL,
    is_high_value boolean NOT NULL,
    high_value_note_en text,
    high_value_note_ja text,
    created_at timestamp with time zone NOT NULL,
    updated_at timestamp with time zone NOT NULL,
    user_id bigint NOT NULL,
    "order" integer NOT NULL,
    CONSTRAINT core_work_order_check CHECK (("order" >= 0))
);


ALTER TABLE public.core_work OWNER TO dev_admin;

--
-- Name: core_work_id_seq; Type: SEQUENCE; Schema: public; Owner: dev_admin
--

ALTER TABLE public.core_work ALTER COLUMN id ADD GENERATED BY DEFAULT AS IDENTITY (
    SEQUENCE NAME public.core_work_id_seq
    START WITH 1
    INCREMENT BY 1
    NO MINVALUE
    NO MAXVALUE
    CACHE 1
);


--
-- Name: django_admin_log; Type: TABLE; Schema: public; Owner: dev_admin
--

CREATE TABLE public.django_admin_log (
    id integer NOT NULL,
    action_time timestamp with time zone NOT NULL,
    object_id text,
    object_repr character varying(200) NOT NULL,
    action_flag smallint NOT NULL,
    change_message text NOT NULL,
    content_type_id integer,
    user_id bigint NOT NULL,
    CONSTRAINT django_admin_log_action_flag_check CHECK ((action_flag >= 0))
);


ALTER TABLE public.django_admin_log OWNER TO dev_admin;

--
-- Name: django_admin_log_id_seq; Type: SEQUENCE; Schema: public; Owner: dev_admin
--

ALTER TABLE public.django_admin_log ALTER COLUMN id ADD GENERATED BY DEFAULT AS IDENTITY (
    SEQUENCE NAME public.django_admin_log_id_seq
    START WITH 1
    INCREMENT BY 1
    NO MINVALUE
    NO MAXVALUE
    CACHE 1
);


--
-- Name: django_content_type; Type: TABLE; Schema: public; Owner: dev_admin
--

CREATE TABLE public.django_content_type (
    id integer NOT NULL,
    app_label character varying(100) NOT NULL,
    model character varying(100) NOT NULL
);


ALTER TABLE public.django_content_type OWNER TO dev_admin;

--
-- Name: django_content_type_id_seq; Type: SEQUENCE; Schema: public; Owner: dev_admin
--

ALTER TABLE public.django_content_type ALTER COLUMN id ADD GENERATED BY DEFAULT AS IDENTITY (
    SEQUENCE NAME public.django_content_type_id_seq
    START WITH 1
    INCREMENT BY 1
    NO MINVALUE
    NO MAXVALUE
    CACHE 1
);


--
-- Name: django_migrations; Type: TABLE; Schema: public; Owner: dev_admin
--

CREATE TABLE public.django_migrations (
    id integer NOT NULL,
    app character varying(255) NOT NULL,
    name character varying(255) NOT NULL,
    applied timestamp with time zone NOT NULL
);


ALTER TABLE public.django_migrations OWNER TO dev_admin;

--
-- Name: django_migrations_id_seq; Type: SEQUENCE; Schema: public; Owner: dev_admin
--

ALTER TABLE public.django_migrations ALTER COLUMN id ADD GENERATED BY DEFAULT AS IDENTITY (
    SEQUENCE NAME public.django_migrations_id_seq
    START WITH 1
    INCREMENT BY 1
    NO MINVALUE
    NO MAXVALUE
    CACHE 1
);


--
-- Name: django_session; Type: TABLE; Schema: public; Owner: dev_admin
--

CREATE TABLE public.django_session (
    session_key character varying(40) NOT NULL,
    session_data text NOT NULL,
    expire_date timestamp with time zone NOT NULL
);


ALTER TABLE public.django_session OWNER TO dev_admin;

--
-- Name: django_site; Type: TABLE; Schema: public; Owner: dev_admin
--

CREATE TABLE public.django_site (
    id integer NOT NULL,
    domain character varying(100) NOT NULL,
    name character varying(50) NOT NULL
);


ALTER TABLE public.django_site OWNER TO dev_admin;

--
-- Name: django_site_id_seq; Type: SEQUENCE; Schema: public; Owner: dev_admin
--

ALTER TABLE public.django_site ALTER COLUMN id ADD GENERATED BY DEFAULT AS IDENTITY (
    SEQUENCE NAME public.django_site_id_seq
    START WITH 1
    INCREMENT BY 1
    NO MINVALUE
    NO MAXVALUE
    CACHE 1
);


--
-- Name: socialaccount_socialaccount; Type: TABLE; Schema: public; Owner: dev_admin
--

CREATE TABLE public.socialaccount_socialaccount (
    id integer NOT NULL,
    provider character varying(200) NOT NULL,
    uid character varying(191) NOT NULL,
    last_login timestamp with time zone NOT NULL,
    date_joined timestamp with time zone NOT NULL,
    extra_data jsonb NOT NULL,
    user_id bigint NOT NULL
);


ALTER TABLE public.socialaccount_socialaccount OWNER TO dev_admin;

--
-- Name: socialaccount_socialaccount_id_seq; Type: SEQUENCE; Schema: public; Owner: dev_admin
--

ALTER TABLE public.socialaccount_socialaccount ALTER COLUMN id ADD GENERATED BY DEFAULT AS IDENTITY (
    SEQUENCE NAME public.socialaccount_socialaccount_id_seq
    START WITH 1
    INCREMENT BY 1
    NO MINVALUE
    NO MAXVALUE
    CACHE 1
);


--
-- Name: socialaccount_socialapp; Type: TABLE; Schema: public; Owner: dev_admin
--

CREATE TABLE public.socialaccount_socialapp (
    id integer NOT NULL,
    provider character varying(30) NOT NULL,
    name character varying(40) NOT NULL,
    client_id character varying(191) NOT NULL,
    secret character varying(191) NOT NULL,
    key character varying(191) NOT NULL,
    provider_id character varying(200) NOT NULL,
    settings jsonb NOT NULL
);


ALTER TABLE public.socialaccount_socialapp OWNER TO dev_admin;

--
-- Name: socialaccount_socialapp_id_seq; Type: SEQUENCE; Schema: public; Owner: dev_admin
--

ALTER TABLE public.socialaccount_socialapp ALTER COLUMN id ADD GENERATED BY DEFAULT AS IDENTITY (
    SEQUENCE NAME public.socialaccount_socialapp_id_seq
    START WITH 1
    INCREMENT BY 1
    NO MINVALUE
    NO MAXVALUE
    CACHE 1
);


--
-- Name: socialaccount_socialapp_sites; Type: TABLE; Schema: public; Owner: dev_admin
--

CREATE TABLE public.socialaccount_socialapp_sites (
    id integer NOT NULL,
    socialapp_id integer NOT NULL,
    site_id integer NOT NULL
);


ALTER TABLE public.socialaccount_socialapp_sites OWNER TO dev_admin;

--
-- Name: socialaccount_socialapp_sites_id_seq; Type: SEQUENCE; Schema: public; Owner: dev_admin
--

ALTER TABLE public.socialaccount_socialapp_sites ALTER COLUMN id ADD GENERATED BY DEFAULT AS IDENTITY (
    SEQUENCE NAME public.socialaccount_socialapp_sites_id_seq
    START WITH 1
    INCREMENT BY 1
    NO MINVALUE
    NO MAXVALUE
    CACHE 1
);


--
-- Name: socialaccount_socialtoken; Type: TABLE; Schema: public; Owner: dev_admin
--

CREATE TABLE public.socialaccount_socialtoken (
    id integer NOT NULL,
    token text NOT NULL,
    token_secret text NOT NULL,
    expires_at timestamp with time zone,
    account_id integer NOT NULL,
    app_id integer
);


ALTER TABLE public.socialaccount_socialtoken OWNER TO dev_admin;

--
-- Name: socialaccount_socialtoken_id_seq; Type: SEQUENCE; Schema: public; Owner: dev_admin
--

ALTER TABLE public.socialaccount_socialtoken ALTER COLUMN id ADD GENERATED BY DEFAULT AS IDENTITY (
    SEQUENCE NAME public.socialaccount_socialtoken_id_seq
    START WITH 1
    INCREMENT BY 1
    NO MINVALUE
    NO MAXVALUE
    CACHE 1
);


--
-- Data for Name: account_emailaddress; Type: TABLE DATA; Schema: public; Owner: dev_admin
--

COPY public.account_emailaddress (id, email, verified, "primary", user_id) FROM stdin;
\.


--
-- Data for Name: account_emailconfirmation; Type: TABLE DATA; Schema: public; Owner: dev_admin
--

COPY public.account_emailconfirmation (id, created, sent, key, email_address_id) FROM stdin;
\.


--
-- Data for Name: auth_group; Type: TABLE DATA; Schema: public; Owner: dev_admin
--

COPY public.auth_group (id, name) FROM stdin;
\.


--
-- Data for Name: auth_group_permissions; Type: TABLE DATA; Schema: public; Owner: dev_admin
--

COPY public.auth_group_permissions (id, group_id, permission_id) FROM stdin;
\.


--
-- Data for Name: auth_permission; Type: TABLE DATA; Schema: public; Owner: dev_admin
--

COPY public.auth_permission (id, name, content_type_id, codename) FROM stdin;
1	Can add log entry	1	add_logentry
2	Can change log entry	1	change_logentry
3	Can delete log entry	1	delete_logentry
4	Can view log entry	1	view_logentry
5	Can add permission	2	add_permission
6	Can change permission	2	change_permission
7	Can delete permission	2	delete_permission
8	Can view permission	2	view_permission
9	Can add group	3	add_group
10	Can change group	3	change_group
11	Can delete group	3	delete_group
12	Can view group	3	view_group
13	Can add content type	4	add_contenttype
14	Can change content type	4	change_contenttype
15	Can delete content type	4	delete_contenttype
16	Can view content type	4	view_contenttype
17	Can add session	5	add_session
18	Can change session	5	change_session
19	Can delete session	5	delete_session
20	Can view session	5	view_session
21	Can add user	6	add_user
22	Can change user	6	change_user
23	Can delete user	6	delete_user
24	Can view user	6	view_user
25	Can add work	7	add_work
26	Can change work	7	change_work
27	Can delete work	7	delete_work
28	Can view work	7	view_work
29	Can add purchase	8	add_purchase
30	Can change purchase	8	change_purchase
31	Can delete purchase	8	delete_purchase
32	Can view purchase	8	view_purchase
33	Can add image	9	add_image
34	Can change image	9	change_image
35	Can delete image	9	delete_image
36	Can view image	9	view_image
37	Can add access log	10	add_accesslog
38	Can change access log	10	change_accesslog
39	Can delete access log	10	delete_accesslog
40	Can view access log	10	view_accesslog
41	Can add favorite	11	add_favorite
42	Can change favorite	11	change_favorite
43	Can delete favorite	11	delete_favorite
44	Can view favorite	11	view_favorite
45	Can add Token	12	add_token
46	Can change Token	12	change_token
47	Can delete Token	12	delete_token
48	Can view Token	12	view_token
49	Can add Token	13	add_tokenproxy
50	Can change Token	13	change_tokenproxy
51	Can delete Token	13	delete_tokenproxy
52	Can view Token	13	view_tokenproxy
53	Can add site	14	add_site
54	Can change site	14	change_site
55	Can delete site	14	delete_site
56	Can view site	14	view_site
57	Can add email address	15	add_emailaddress
58	Can change email address	15	change_emailaddress
59	Can delete email address	15	delete_emailaddress
60	Can view email address	15	view_emailaddress
61	Can add email confirmation	16	add_emailconfirmation
62	Can change email confirmation	16	change_emailconfirmation
63	Can delete email confirmation	16	delete_emailconfirmation
64	Can view email confirmation	16	view_emailconfirmation
65	Can add social account	17	add_socialaccount
66	Can change social account	17	change_socialaccount
67	Can delete social account	17	delete_socialaccount
68	Can view social account	17	view_socialaccount
69	Can add social application	18	add_socialapp
70	Can change social application	18	change_socialapp
71	Can delete social application	18	delete_socialapp
72	Can view social application	18	view_socialapp
73	Can add social application token	19	add_socialtoken
74	Can change social application token	19	change_socialtoken
75	Can delete social application token	19	delete_socialtoken
76	Can view social application token	19	view_socialtoken
\.


--
-- Data for Name: authtoken_token; Type: TABLE DATA; Schema: public; Owner: dev_admin
--

COPY public.authtoken_token (key, created, user_id) FROM stdin;
\.


--
-- Data for Name: core_accesslog; Type: TABLE DATA; Schema: public; Owner: dev_admin
--

COPY public.core_accesslog (id, accessed_at, user_agent, work_id) FROM stdin;
\.


--
-- Data for Name: core_favorite; Type: TABLE DATA; Schema: public; Owner: dev_admin
--

COPY public.core_favorite (id, created_at, user_id, work_id) FROM stdin;
27	2025-06-27 15:45:00.923153+09	1	3
32	2025-06-28 16:47:00.926008+09	1	12
33	2025-06-28 22:16:19.118062+09	1	10
34	2025-06-28 22:58:42.251278+09	1	4
\.


--
-- Data for Name: core_image; Type: TABLE DATA; Schema: public; Owner: dev_admin
--

COPY public.core_image (id, purpose, "order", created_at, work_id, image_file) FROM stdin;
17	main	1	2025-06-13 16:46:51.074088+09	2	works/shorts1_list.png
22	main	2	2025-06-13 21:00:01.263202+09	3	works/shorts2_list.png
27	main	3	2025-06-13 21:02:51.683286+09	4	works/03_list_new.png
28	detail_main	0	2025-06-13 21:03:04.887046+09	4	works/shorts3_detail_1.png
23	detail_main	0	2025-06-13 21:00:23.63423+09	3	works/shorts2_detail_1.png
18	detail_main	0	2025-06-13 20:58:22.318274+09	2	works/shorts1_detail_1.png
29	detail	0	2025-06-13 21:03:14.566965+09	4	works/shorts3_detail_2.png
24	detail	0	2025-06-13 21:00:34.864689+09	3	works/shorts2_detail_2.png
19	detail	0	2025-06-13 20:58:49.608917+09	2	works/shorts1_detail_2.jpg
25	detail	1	2025-06-13 21:01:03.353018+09	3	works/shorts2_detail_3.png
20	detail	1	2025-06-13 20:59:06.29535+09	2	works/shorts1_detail_3.jpg
30	detail	2	2025-06-13 21:03:42.01284+09	4	works/shorts3_detail_3.png
26	detail	2	2025-06-13 21:01:14.507858+09	3	works/shorts2_detail_4.png
21	detail	2	2025-06-13 20:59:19.908854+09	2	works/shorts1_detail_4.jpg
31	detail	3	2025-06-13 21:03:51.069904+09	4	works/shorts3_detail_4.png
32	main	4	2025-06-28 12:53:12.085196+09	5	works/04_bookbox_list_and_detail_main.png
33	detail_main	0	2025-06-28 12:53:47.676123+09	5	works/04_bookbox_list_and_detail_main_9yf1GfG.png
34	detail	1	2025-06-28 12:54:02.080689+09	5	works/04_bookbox_detail_2.png
36	detail	2	2025-06-28 12:56:05.433952+09	5	works/04_bookbox_detail_3_ivyXKdu.png
37	detail	3	2025-06-28 12:56:17.516347+09	5	works/04_bookbox_detail_4.png
38	detail	4	2025-06-28 12:56:28.955093+09	5	works/04_bookbox_detail_5.png
39	main	0	2025-06-28 15:02:53.615463+09	6	works/05_burger_list_and_detail_main.png
40	detail_main	1	2025-06-28 15:03:08.361592+09	6	works/05_burger_list_and_detail_main_gHlfriE.png
41	detail	0	2025-06-28 15:03:21.577318+09	6	works/05_burger_detail_1.png
42	main	0	2025-06-28 15:08:08.993007+09	7	works/06_Inkaholics_Magazine_list_and_detail_main.png
43	detail_main	0	2025-06-28 15:08:25.371478+09	7	works/06_Inkaholics_Magazine_list_and_detail_main_IbYNjwE.png
45	detail	0	2025-06-28 15:08:49.276825+09	7	works/06_Inkaholics_Magazine_detail_2.png
46	main	0	2025-06-28 15:12:37.391495+09	8	works/07_MysticJinx_Logo_list_and_detail_main.png
47	detail_main	0	2025-06-28 15:12:46.718329+09	8	works/07_MysticJinx_Logo_list_and_detail_main_o5sifUa.png
48	detail	0	2025-06-28 15:12:56.379754+09	8	works/07_MysticJinx_Logo_detail_1.png
49	detail	0	2025-06-28 15:13:06.609113+09	8	works/07_MysticJinx_Logo_detail_2.png
50	main	0	2025-06-28 15:15:42.691869+09	9	works/08_Phantom_Poster_list_and_detail.png
51	detail_main	0	2025-06-28 15:15:57.013069+09	9	works/08_Phantom_Poster_list_and_detail_EuyHxMy.png
52	main	0	2025-06-28 15:20:17.583251+09	10	works/09_Blind_Faith_Project_list_and_detail_main.png
53	detail_main	0	2025-06-28 15:20:28.100172+09	10	works/09_Blind_Faith_Project_list_and_detail_main_cFiZx1o.png
55	detail	0	2025-06-28 15:20:51.087505+09	10	works/09_Blind_Faith_Project_detail_2.png
56	detail	0	2025-06-28 15:21:00.47148+09	10	works/09_Blind_Faith_Project_detail_3.png
57	detail	0	2025-06-28 15:21:09.904016+09	10	works/09_Blind_Faith_Project_detail_4.png
58	main	0	2025-06-28 15:23:03.53785+09	11	works/010_tea_list_and_detail_main.png
59	detail_main	0	2025-06-28 15:23:14.371525+09	11	works/010_tea_list_and_detail_main_nRZoPFY.png
60	main	0	2025-06-28 15:25:46.832768+09	12	works/11_Dreams_Event_list_and_detail_main.png
61	detail_main	0	2025-06-28 15:25:56.300445+09	12	works/11_Dreams_Event_list_and_detail_main_TU34bvD.png
62	detail	0	2025-06-28 15:26:05.563226+09	12	works/11_Dreams_Event_detail_1.png
\.


--
-- Data for Name: core_purchase; Type: TABLE DATA; Schema: public; Owner: dev_admin
--

COPY public.core_purchase (id, stripe_session_id, purchased_at, user_id, work_id) FROM stdin;
\.


--
-- Data for Name: core_user; Type: TABLE DATA; Schema: public; Owner: dev_admin
--

COPY public.core_user (id, password, last_login, is_superuser, username, first_name, last_name, email, is_staff, is_active, date_joined, name, is_admin, created_at) FROM stdin;
1	pbkdf2_sha256$1000000$gR4nwZYDVjr8afgG7sNnl0$QLs/6h1jUa90nM9SHF6kRbyKxkfFecuQXItFHg3dC4w=	2025-06-08 20:45:14.081684+09	t	dev_admin			yuto.nozaki1997@gmail.com	t	t	2025-06-08 20:44:52.123032+09		f	2025-06-08 20:44:52.635237+09
2	pbkdf2_sha256$1000000$BWqL6aAhQgJNeuNxFz2vfZ$otMwWg2RSzx4RTREzb73++Ym1jXqE9SnOHCG3z04mi0=	\N	t	dummy			dummy@example.com	t	t	2025-06-25 21:40:16.783971+09		f	2025-06-25 21:40:17.178282+09
\.


--
-- Data for Name: core_user_groups; Type: TABLE DATA; Schema: public; Owner: dev_admin
--

COPY public.core_user_groups (id, user_id, group_id) FROM stdin;
\.


--
-- Data for Name: core_user_user_permissions; Type: TABLE DATA; Schema: public; Owner: dev_admin
--

COPY public.core_user_user_permissions (id, user_id, permission_id) FROM stdin;
\.


--
-- Data for Name: core_work; Type: TABLE DATA; Schema: public; Owner: dev_admin
--

COPY public.core_work (id, title_en, title_ja, description_en, description_ja, is_high_value, high_value_note_en, high_value_note_ja, created_at, updated_at, user_id, "order") FROM stdin;
3	02 Beach Volleyball Shorts (Team Project)	02 ビーチバレー用ショーツ（チームプロジェクト）	Following the success of the Japanese shorts, this Aztec-themed design was created for Taichi Slunks. It features the Aztec god Quetzalcoatl on one hip and a volleyball-infused Aztec sundial on the other. The design focuses on geometric and structured elements, with a stylized 3D look and dynamic details like a hissing tongue. The sundial was also used in the background to enhance the visual depth and uniqueness of the shorts.	日本風ショーツの成功を受けて、Taichi Slunksのために制作されたアステカをテーマにしたデザインです。片側にはアステカの神ケツァルコアトル、もう片側にはバレーボールのモチーフを取り入れたアステカの太陽暦が描かれています。幾何学的で構造的な要素を重視し、3D風にスタイライズされた立体感あるビジュアルと、舌を出している動きのある表現が特徴です。太陽暦は背景にも透過的に使用され、奥行きと独自性を演出しています。	t			2025-06-09 00:06:57.538888+09	2025-06-29 07:53:46.277384+09	1	2
2	01 Beach Volleyball Shorts (Team Project)	01 ビーチバレー用ショーツ（チームプロジェクト）	These custom shorts were designed for Taichi Slunks, an Instagram-based brand selling to Las Vegas volleyball teams. The client requested a feminine, flowy design featuring a cherry blossom on one side and a dragon on the other, inspired by Japanese aesthetics and manga art. The design was so successful that it became the highest-priced item on the Slunks Unofficial site at $159.99, leading to ongoing collaborations with the brand.	このカスタムショーツは、ラスベガスのバレーボールチーム向けに販売を行うInstagram発のブランド「Taichi Slunks」の依頼でデザインされたものです。桜の花と龍を左右に配置し、日本の美意識やマンガアートに着想を得た、女性らしく軽やかなデザインが特徴です。このショーツは非常に好評を博し、Slunks Unofficialサイトで当時最も高額な$159.99で販売され、継続的なコラボレーションにつながりました。	t	On this project, xxxxxxxxxxxxxxxxxxxxxxxxxxxxxxxxxxxxxxxxxxxxxxxxxxxxxxxxxxxxxxxxxxxxxxxxxxxxxxxxxxxxxxxxxxxxxxxxxxxxxxxxxxxxxxxxxxxxxxxxxxxxxxxxxxxxxxxxxxxxxxxxxxxxxxxxxxxxxxxxxxxxxxxxxxxxxxxxxxxx	チームプロジェクトで、xxxxxxxxxxxxxxxxxxxxxxxxxxxxxxxxxxxxxxxxxxxxxxxxxxxxxxxxxxxxxxxxxxxxxxxxxxxxxxxxxxxxxxxxxxxxxxxxxxxxxxxxxxxxxxxxxxxxxxxxxxxxxxxxxxxxxxxxxxxxxxxxxxxxxxxxxxxxxxxxxxxxxxxxxxxxxxxxxxxx	2025-06-09 00:05:45.733871+09	2025-06-28 12:57:16.020367+09	1	1
4	03 Beach Volleyball Shorts (Team Project)	03 ビーチバレー用ショーツ（チームプロジェクト）	These bold and vibrant Oni-themed shorts were designed for Taichi Slunks. Featuring two oni battling on waves in bright blue and pink tones, the design uses dynamic poses and sweeping wave shapes to create movement across the front. The back is kept simpler, highlighting playful wave forms to balance the overall composition.	Taichi Slunksのためにデザインされた、鮮やかで大胆な鬼モチーフのショーツです。青とピンクを基調に、波の上で戦う2体の鬼を描き、前面はダイナミックなポーズと波の流れで動きを表現。背面はシンプルに抑えつつ、波の形状そのものの面白さでバランスを取っています。	t			2025-06-09 00:07:37.901665+09	2025-06-29 07:53:39.533077+09	1	3
5	04 Lore Book box Project (Personal Project)	Lore ブックボックス プロジェクト（個人プロジェクト）	This capstone project involved creating a custom 3D bookbox brand called Lore Bookbox. I designed illustrated panels and interactive doors that reveal scenes from books 1 and 3. All artwork was created in Procreate and Photoshop, and the set includes bookmarks, a map, and other themed items. The project was based on my own characters and story, with a visual style inspired by Studio Ghibli.	卒業制作として、オリジナルブランド「Lore Bookbox」を立ち上げ、3D要素を取り入れたカスタムブックボックスを制作しました。左右の扉を開くと、それぞれ物語の第1巻・第3巻のシーンが現れる仕掛けになっています。イラストはProcreateとPhotoshopで作成し、ブックマークや地図などの付属アイテムもセットに含まれています。スタジオジブリ風の世界観と、独自のキャラクターデザインが特徴です。	f			2025-06-28 12:45:29.813309+09	2025-06-28 13:49:01.688025+09	1	4
6	05 Burger ad (Personal Project)	05 ハンバーガー広告（個人プロジェクト）	The goal was to create a fictional food item for an existing fast food company. I chose to create\r\nthe Texas Chainsaw Massa-Curd burger from the TV show Bob's Burgers. I thought it would be\r\nfun to have Bob's Burgers collaborate with Burger King for a food item. Every element of the ad\r\nwas created intentionally. The layout of the table, burger, and floating food items was matched\r\nwith an old Burger King ad. There are many Easter eggs in this one that reference the TV show\r\nand movie.	架空のファストフード商品を、実在のチェーン店向けに企画・デザインするプロジェクトです。\r\n私は、アニメ『ボブズ・バーガーズ』から着想を得て、「Texas Chainsaw Massa-Curd（テキサス・チェーンソー・マッサカード）バーガー」を制作し、バーガーキングとのコラボ商品として提案しました。\r\n\r\n広告内の要素はすべて意図的に配置されており、テーブルの構図やバーガー、宙に浮かぶ具材のレイアウトは、過去のバーガーキング広告をもとに再現しています。\r\nTVアニメや映画へのオマージュとなる“イースターエッグ”も多数散りばめられ、遊び心あふれる一品に仕上げました。	f			2025-06-28 13:51:27.066666+09	2025-06-28 13:51:27.06668+09	1	5
8	07 MysticJinx Logo (Personal Project)	07 ミスティックジンクス ロゴ（個人プロジェクト）	I created a streamer logo for a fictional brand called Mystic Jinx. The brand name Jinx is based\r\non my childhood cat named Jinx, who was a black cat with bright green eyes. I created the\r\ntypeface in Photoshop and created the gradient in the text to make it 3D and more interesting to\r\nlook at. The overall design was created to be cute, colorful, and edgy to represent me as a\r\ndesigner.	架空の配信ブランド「Mystic Jinx（ミスティック・ジンクス）」のために、ストリーマー用ロゴを制作しました。\r\nブランド名「Jinx」は、私の幼少期に飼っていた黒猫（鮮やかな緑の目を持つジンクス）に由来しています。\r\nロゴの書体はPhotoshopで一から作成し、文字にグラデーションを加えることで立体感と視覚的な面白さを持たせました。\r\n全体のデザインは、私自身のスタイルを表現するために「キュート」「カラフル」「ちょっとエッジィ」を意識しています。	f			2025-06-28 14:12:26.577807+09	2025-06-28 14:12:26.577819+09	1	7
9	08 Gone With the Phantom Poster (Personal Project)	08 『ゴーン・ウィズ・ザ・ファントム』ポスター（個人プロジェクト）	In this project, we were tasked to mix two different styles together. I chose to blend the Phantom\r\nof the Opera into the Gone With the Wind style. The whole poster started with an image from\r\nthe movie. I then redrew a lot of the characters, photo-mashed, and added filters. For the\r\nillustration, I drew his hair, neck, and most of his shirt.	このプロジェクトでは、異なる2つのスタイルを組み合わせて1つの作品を制作するという課題に取り組みました。\r\n私は『オペラ座の怪人』の要素を、『風と共に去りぬ』のスタイルに融合させることを選びました。\r\n\r\nポスターは、映画のワンシーンからスタートし、登場人物の多くを描き直し、写真の合成やフィルター処理を加えています。\r\nイラスト部分では、キャラクターの髪や首元、シャツの大部分を手描きで仕上げました。	f			2025-06-28 14:16:09.816627+09	2025-06-28 14:16:09.81664+09	1	8
7	06 Inkaholics Magazine Spread (Personal Project)	06 Inkaholics 雑誌誌面デザイン（個人プロジェクト）	I created a fictional tattoo magazine called “Inkaholics”. The brand itself is made for a group of\r\npeople who live and breathe tattoos. Either through the physical tattoos on their bodies or as the\r\nartist creating them. Each tattoo has a story, even the accidental ones. I wanted the design to be\r\nclean and focus on showing off the artist's portfolio.	架空のタトゥー専門雑誌「Inkaholics（インカホリックス）」の誌面デザインを制作しました。\r\nこのブランドは、タトゥーを愛し、人生の一部として生きる人々のために作られたもので、体に刻まれた作品として、またはそれを創り出すアーティストとして、タトゥーと深く関わる人々がターゲットです。\r\n\r\nすべてのタトゥーには、それが偶然の産物であっても、必ず物語があります。\r\n誌面デザインはあえてクリーンでシンプルにし、アーティストのポートフォリオが際立つよう工夫しました。	f			2025-06-28 13:56:06.232296+09	2025-06-28 14:08:21.187395+09	1	6
10	09 Blind Faith Project (Personal Project)	09 ブラインド・フェイス・プロジェクト（個人プロジェクト）	The goal was to create a Victorian-styled logo and supporting pieces for a fictional traveling\r\ncircus brand. The Blind Faith Circus is known for its dangerous and bold acts that keep the\r\naudience on their toes. I represented the bold and dangerous acts through color and circus\r\ndesign details. Instead of using the usual Victorian tans, whites, and circus reds, I chose to\r\nfocus on the spotlight blue color seen during circus performances. Then blend Victorian icons\r\nwith circus elements to fully represent the brand throughout the posters and logo design.	このプロジェクトの目的は、架空の巡業サーカスブランドのために、ヴィクトリア調のロゴとそれに付随するビジュアルを制作することでした。\r\n「Blind Faith Circus（ブラインド・フェイス・サーカス）」は、観客をハラハラさせるような危険で大胆な演目で知られています。\r\n\r\nその雰囲気を色づかいやサーカス特有のデザインディテールを通じて表現しました。\r\n一般的なヴィクトリア調のベージュや白、サーカスの赤ではなく、サーカス公演中に見られる“スポットライトの青”をメインカラーに採用。\r\nさらに、ヴィクトリア時代のアイコンとサーカス要素を融合させ、ポスターやロゴ全体を通してブランドの世界観を体現しました。	f			2025-06-28 14:19:40.355998+09	2025-06-28 14:19:40.356011+09	1	9
11	10 Tranquil Tea Packaging (Personal Project)	10 トランクィル・ティー パッケージデザイン（個人プロジェクト）	I made a brand called Tranquil-Tea. I wanted to make a soft, peaceful brand of sleepy teas that\r\ncalm nerves. Each color box has a specific sleepy ingredient you can find in calming teas. The\r\ndesign represents sleep and comfort. For each of the designs, I wanted the icons to be the\r\ncalming ingredient used in it, basing the colors on that ingredient. For the side of the tea\r\npackaging, I wanted to keep it simple. Through my research, I found that people enjoy less text\r\nand getting to the point of the steps. Overall, I wanted the design to be colorful and to focus on\r\nthe calming ingredients in the box.	「Tranquil-Tea（トランクィル・ティー）」という、心を落ち着かせて眠りを誘うソフトで穏やかな印象のハーブティーブランドを立ち上げ、パッケージデザインを制作しました。\r\nそれぞれのカラーの箱には、リラックス効果のある特定の成分が使用されており、色はその成分にちなんで選ばれています。全体のデザインは「眠り」と「心地よさ」をテーマにしています。\r\n\r\nパッケージに使用するアイコンは、ブレンドされている成分をモチーフにし、側面のデザインはシンプルに仕上げました。\r\n調査の中で「文字数は少なく、手順がすぐに理解できる方が好まれる」という結果を活かし、情報量を整理した構成にしています。\r\n\r\n全体としては、成分の魅力が伝わるようにカラフルかつ安心感のあるデザインを目指しました。	f			2025-06-28 14:21:52.312367+09	2025-06-28 14:21:52.31238+09	1	10
12	11 Lost in Dreams Event (Personal Project)	11 Lost in Dreams（ロスト・イン・ドリームス）イベントポスター（個人プロジェクト）	I made an event poster for the Lost In Dreams DJ event. I focused primarily on creating a poster\r\nthat would be bold and colorful. I wanted to use neon colors to represent the fun, electric DJ\r\nmusic. For the type, I wanted to have the triangle pointing up to the logo and names.	DJイベント「Lost in Dreams」のためのイベントポスターを制作しました。\r\nこのプロジェクトでは、大胆でカラフルなデザインを意識し、ネオンカラーを使って楽しくエネルギッシュなDJミュージックの世界観を表現しました。\r\n\r\nタイポグラフィの構成にも工夫を凝らし、三角形のラインがロゴやアーティスト名へと視線を導くようにデザインしています。	f			2025-06-28 14:24:06.586458+09	2025-06-28 14:24:06.586471+09	1	11
\.


--
-- Data for Name: django_admin_log; Type: TABLE DATA; Schema: public; Owner: dev_admin
--

COPY public.django_admin_log (id, action_time, object_id, object_repr, action_flag, change_message, content_type_id, user_id) FROM stdin;
1	2025-06-09 00:05:45.735458+09	2	01 Beach Volleyball Shorts (Team Project)	1	[{"added": {}}]	7	1
2	2025-06-09 00:06:57.541297+09	3	02 Beach Volleyball Shorts (Team Project)	1	[{"added": {}}]	7	1
3	2025-06-09 00:07:37.902839+09	4	03 Beach Volleyball Shorts (Team Project)	1	[{"added": {}}]	7	1
4	2025-06-09 00:14:52.215448+09	2	01 Beach Volleyball Shorts (Team Project) - main	1	[{"added": {}}]	9	1
5	2025-06-09 00:23:52.641208+09	3	01 Beach Volleyball Shorts (Team Project) - detail_main	1	[{"added": {}}]	9	1
6	2025-06-09 00:24:14.915384+09	4	01 Beach Volleyball Shorts (Team Project) - detail	1	[{"added": {}}]	9	1
7	2025-06-09 00:24:37.298939+09	5	01 Beach Volleyball Shorts (Team Project) - detail	1	[{"added": {}}]	9	1
8	2025-06-09 00:25:26.826133+09	6	01 Beach Volleyball Shorts (Team Project) - detail	1	[{"added": {}}]	9	1
9	2025-06-09 00:25:59.557185+09	7	02 Beach Volleyball Shorts (Team Project) - main	1	[{"added": {}}]	9	1
10	2025-06-09 00:26:53.762535+09	8	02 Beach Volleyball Shorts (Team Project) - detail_main	1	[{"added": {}}]	9	1
11	2025-06-09 00:27:12.217833+09	9	02 Beach Volleyball Shorts (Team Project) - detail	1	[{"added": {}}]	9	1
12	2025-06-09 00:27:37.758305+09	10	02 Beach Volleyball Shorts (Team Project) - detail	1	[{"added": {}}]	9	1
13	2025-06-09 00:28:09.334726+09	11	02 Beach Volleyball Shorts (Team Project) - detail	1	[{"added": {}}]	9	1
14	2025-06-09 00:28:28.78971+09	12	03 Beach Volleyball Shorts (Team Project) - main	1	[{"added": {}}]	9	1
15	2025-06-09 00:30:54.5924+09	13	03 Beach Volleyball Shorts (Team Project) - detail_main	1	[{"added": {}}]	9	1
16	2025-06-09 00:31:23.711283+09	14	03 Beach Volleyball Shorts (Team Project) - detail	1	[{"added": {}}]	9	1
17	2025-06-09 00:32:08.611937+09	15	03 Beach Volleyball Shorts (Team Project) - detail	1	[{"added": {}}]	9	1
18	2025-06-09 00:32:37.931622+09	16	03 Beach Volleyball Shorts (Team Project) - detail	1	[{"added": {}}]	9	1
19	2025-06-13 16:46:51.079129+09	17	01 Beach Volleyball Shorts (Team Project) - main	1	[{"added": {}}]	9	1
20	2025-06-13 20:58:22.31935+09	18	01 Beach Volleyball Shorts (Team Project) - detail_main	1	[{"added": {}}]	9	1
21	2025-06-13 20:58:49.609903+09	19	01 Beach Volleyball Shorts (Team Project) - detail	1	[{"added": {}}]	9	1
22	2025-06-13 20:59:06.29628+09	20	01 Beach Volleyball Shorts (Team Project) - detail	1	[{"added": {}}]	9	1
23	2025-06-13 20:59:19.909778+09	21	01 Beach Volleyball Shorts (Team Project) - detail	1	[{"added": {}}]	9	1
24	2025-06-13 21:00:01.264624+09	22	02 Beach Volleyball Shorts (Team Project) - main	1	[{"added": {}}]	9	1
25	2025-06-13 21:00:23.635982+09	23	02 Beach Volleyball Shorts (Team Project) - detail_main	1	[{"added": {}}]	9	1
26	2025-06-13 21:00:34.865878+09	24	02 Beach Volleyball Shorts (Team Project) - detail	1	[{"added": {}}]	9	1
27	2025-06-13 21:01:03.354041+09	25	02 Beach Volleyball Shorts (Team Project) - detail	1	[{"added": {}}]	9	1
28	2025-06-13 21:01:14.508864+09	26	02 Beach Volleyball Shorts (Team Project) - detail	1	[{"added": {}}]	9	1
29	2025-06-13 21:02:51.684349+09	27	03 Beach Volleyball Shorts (Team Project) - main	1	[{"added": {}}]	9	1
30	2025-06-13 21:03:04.888079+09	28	03 Beach Volleyball Shorts (Team Project) - detail_main	1	[{"added": {}}]	9	1
31	2025-06-13 21:03:14.569738+09	29	03 Beach Volleyball Shorts (Team Project) - detail	1	[{"added": {}}]	9	1
32	2025-06-13 21:03:42.013767+09	30	03 Beach Volleyball Shorts (Team Project) - detail	1	[{"added": {}}]	9	1
33	2025-06-13 21:03:51.072786+09	31	03 Beach Volleyball Shorts (Team Project) - detail	1	[{"added": {}}]	9	1
34	2025-06-13 21:18:09.638552+09	17	01 Beach Volleyball Shorts (Team Project) - main	2	[{"changed": {"fields": ["Order"]}}]	9	1
35	2025-06-13 21:18:25.988885+09	22	02 Beach Volleyball Shorts (Team Project) - main	2	[{"changed": {"fields": ["Order"]}}]	9	1
36	2025-06-13 21:18:45.516194+09	27	03 Beach Volleyball Shorts (Team Project) - main	2	[{"changed": {"fields": ["Order"]}}]	9	1
37	2025-06-13 21:19:49.117295+09	27	03 Beach Volleyball Shorts (Team Project) - main	2	[{"changed": {"fields": ["Order"]}}]	9	1
38	2025-06-13 21:19:55.487595+09	17	01 Beach Volleyball Shorts (Team Project) - main	2	[{"changed": {"fields": ["Order"]}}]	9	1
39	2025-06-13 21:35:09.694085+09	3	02 Beach Volleyball Shorts (Team Project)	2	[{"changed": {"fields": ["Order"]}}]	7	1
40	2025-06-13 21:35:31.201191+09	4	03 Beach Volleyball Shorts (Team Project)	2	[{"changed": {"fields": ["Order"]}}]	7	1
41	2025-06-13 21:36:17.753236+09	27	03 Beach Volleyball Shorts (Team Project) - main	2	[{"changed": {"fields": ["Image file"]}}]	9	1
42	2025-06-13 22:37:30.40016+09	17	01 Beach Volleyball Shorts (Team Project) - main	2	[{"changed": {"fields": ["Image file"]}}]	9	1
75	2025-06-13 22:58:48.372327+09	22	02 Beach Volleyball Shorts (Team Project) - main	2	[{"changed": {"fields": ["Image file"]}}]	9	1
76	2025-06-13 23:01:38.052894+09	27	03 Beach Volleyball Shorts (Team Project) - main	2	[{"changed": {"fields": ["Image file"]}}]	9	1
77	2025-06-22 23:27:11.385562+09	17	01 Beach Volleyball Shorts (Team Project) - main	2	[{"changed": {"fields": ["Image file"]}}]	9	1
78	2025-06-22 23:34:56.886161+09	22	02 Beach Volleyball Shorts (Team Project) - main	2	[{"changed": {"fields": ["Image file"]}}]	9	1
79	2025-06-22 23:35:19.102675+09	27	03 Beach Volleyball Shorts (Team Project) - main	2	[{"changed": {"fields": ["Image file"]}}]	9	1
80	2025-06-22 23:35:57.651255+09	28	03 Beach Volleyball Shorts (Team Project) - detail_main	2	[{"changed": {"fields": ["Image file"]}}]	9	1
81	2025-06-22 23:36:22.641026+09	23	02 Beach Volleyball Shorts (Team Project) - detail_main	2	[{"changed": {"fields": ["Image file"]}}]	9	1
82	2025-06-22 23:38:22.536581+09	18	01 Beach Volleyball Shorts (Team Project) - detail_main	2	[{"changed": {"fields": ["Image file"]}}]	9	1
83	2025-06-22 23:39:21.300995+09	29	03 Beach Volleyball Shorts (Team Project) - detail	2	[{"changed": {"fields": ["Image file"]}}]	9	1
84	2025-06-22 23:39:39.201739+09	24	02 Beach Volleyball Shorts (Team Project) - detail	2	[{"changed": {"fields": ["Image file"]}}]	9	1
85	2025-06-22 23:40:01.016606+09	19	01 Beach Volleyball Shorts (Team Project) - detail	2	[{"changed": {"fields": ["Image file"]}}]	9	1
86	2025-06-22 23:40:23.168295+09	25	02 Beach Volleyball Shorts (Team Project) - detail	2	[{"changed": {"fields": ["Image file"]}}]	9	1
87	2025-06-22 23:40:45.572181+09	20	01 Beach Volleyball Shorts (Team Project) - detail	2	[{"changed": {"fields": ["Image file"]}}]	9	1
88	2025-06-22 23:41:06.053353+09	30	03 Beach Volleyball Shorts (Team Project) - detail	2	[{"changed": {"fields": ["Image file"]}}]	9	1
89	2025-06-22 23:41:28.715781+09	26	02 Beach Volleyball Shorts (Team Project) - detail	2	[{"changed": {"fields": ["Image file"]}}]	9	1
90	2025-06-22 23:41:47.928505+09	21	01 Beach Volleyball Shorts (Team Project) - detail	2	[{"changed": {"fields": ["Image file"]}}]	9	1
91	2025-06-22 23:42:04.13931+09	31	03 Beach Volleyball Shorts (Team Project) - detail	2	[{"changed": {"fields": ["Image file"]}}]	9	1
92	2025-06-27 22:21:00.005252+09	2	01 Beach Volleyball Shorts (Team Project)	2	[{"changed": {"fields": ["Description (English)"]}}]	7	1
93	2025-06-27 22:29:38.150614+09	2	01 Beach Volleyball Shorts (Team Project)	2	[]	7	1
94	2025-06-27 22:34:11.00877+09	2	01 Beach Volleyball Shorts (Team Project)	2	[{"changed": {"fields": ["Description (English)"]}}]	7	1
95	2025-06-27 22:38:12.913359+09	2	01 Beach Volleyball Shorts (Team Project)	2	[{"changed": {"fields": ["\\u8aac\\u660e\\uff08\\u65e5\\u672c\\u8a9e\\uff09"]}}]	7	1
96	2025-06-27 22:42:50.257947+09	3	02 Beach Volleyball Shorts (Team Project)	2	[{"changed": {"fields": ["Description (English)", "\\u8aac\\u660e\\uff08\\u65e5\\u672c\\u8a9e\\uff09"]}}]	7	1
97	2025-06-27 22:43:52.807707+09	4	03 Beach Volleyball Shorts (Team Project)	2	[{"changed": {"fields": ["Description (English)", "\\u8aac\\u660e\\uff08\\u65e5\\u672c\\u8a9e\\uff09"]}}]	7	1
98	2025-06-28 12:45:29.822933+09	5	04 Lore Book box Project	1	[{"added": {}}]	7	1
99	2025-06-28 12:53:12.08812+09	32	04 Lore Book box Project - main	1	[{"added": {}}]	9	1
100	2025-06-28 12:53:47.678091+09	33	04 Lore Book box Project - detail_main	1	[{"added": {}}]	9	1
101	2025-06-28 12:54:02.081575+09	34	04 Lore Book box Project - detail	1	[{"added": {}}]	9	1
102	2025-06-28 12:54:16.731033+09	35	04 Lore Book box Project - detail	1	[{"added": {}}]	9	1
103	2025-06-28 12:56:05.434781+09	36	04 Lore Book box Project - detail	1	[{"added": {}}]	9	1
104	2025-06-28 12:56:17.517354+09	37	04 Lore Book box Project - detail	1	[{"added": {}}]	9	1
105	2025-06-28 12:56:28.955919+09	38	04 Lore Book box Project - detail	1	[{"added": {}}]	9	1
106	2025-06-28 12:57:07.43285+09	5	04 Lore Book box Project	2	[{"changed": {"fields": ["Order"]}}]	7	1
107	2025-06-28 12:57:16.021836+09	2	01 Beach Volleyball Shorts (Team Project)	2	[{"changed": {"fields": ["Order"]}}]	7	1
108	2025-06-28 12:57:21.951599+09	3	02 Beach Volleyball Shorts (Team Project)	2	[{"changed": {"fields": ["Order"]}}]	7	1
109	2025-06-28 12:57:27.658162+09	4	03 Beach Volleyball Shorts (Team Project)	2	[{"changed": {"fields": ["Order"]}}]	7	1
110	2025-06-28 12:58:17.371138+09	35	04 Lore Book box Project - detail	3		9	1
111	2025-06-28 13:49:01.689061+09	5	04 Lore Book box Project (Personal Project)	2	[{"changed": {"fields": ["Title (English)", "\\u30bf\\u30a4\\u30c8\\u30eb\\uff08\\u65e5\\u672c\\u8a9e\\uff09"]}}]	7	1
112	2025-06-28 13:51:27.068444+09	6	05 Burger ad (Personal Project)	1	[{"added": {}}]	7	1
113	2025-06-28 13:56:06.233679+09	7	06 Inkaholics Magazine Spread (Personal Project)	1	[{"added": {}}]	7	1
114	2025-06-28 14:07:36.631471+09	7	07 Inkaholics Magazine Spread (Personal Project)	2	[{"changed": {"fields": ["Title (English)", "\\u30bf\\u30a4\\u30c8\\u30eb\\uff08\\u65e5\\u672c\\u8a9e\\uff09", "Order"]}}]	7	1
115	2025-06-28 14:08:21.188411+09	7	06 Inkaholics Magazine Spread (Personal Project)	2	[{"changed": {"fields": ["Title (English)", "\\u30bf\\u30a4\\u30c8\\u30eb\\uff08\\u65e5\\u672c\\u8a9e\\uff09", "Order"]}}]	7	1
116	2025-06-28 14:12:26.580115+09	8	07 MysticJinx Logo (Personal Project)	1	[{"added": {}}]	7	1
117	2025-06-28 14:16:09.818019+09	9	08 Gone With the Phantom Poster (Personal Project)	1	[{"added": {}}]	7	1
118	2025-06-28 14:19:40.357096+09	10	09 Blind Faith Project (Personal Project)	1	[{"added": {}}]	7	1
119	2025-06-28 14:21:52.31405+09	11	10 Tranquil Tea Packaging (Personal Project)	1	[{"added": {}}]	7	1
120	2025-06-28 14:24:06.587697+09	12	11 Lost in Dreams Event (Personal Project)	1	[{"added": {}}]	7	1
121	2025-06-28 14:28:05.067283+09	13	12 Stranger Than UNLV (Personal Project)	1	[{"added": {}}]	7	1
122	2025-06-28 15:02:53.617419+09	39	05 Burger ad (Personal Project) - main	1	[{"added": {}}]	9	1
123	2025-06-28 15:03:08.364803+09	40	05 Burger ad (Personal Project) - detail_main	1	[{"added": {}}]	9	1
124	2025-06-28 15:03:21.578392+09	41	05 Burger ad (Personal Project) - detail	1	[{"added": {}}]	9	1
125	2025-06-28 15:08:08.995689+09	42	06 Inkaholics Magazine Spread (Personal Project) - main	1	[{"added": {}}]	9	1
126	2025-06-28 15:08:25.372464+09	43	06 Inkaholics Magazine Spread (Personal Project) - detail_main	1	[{"added": {}}]	9	1
127	2025-06-28 15:08:39.846371+09	44	06 Inkaholics Magazine Spread (Personal Project) - detail	1	[{"added": {}}]	9	1
128	2025-06-28 15:08:49.279482+09	45	06 Inkaholics Magazine Spread (Personal Project) - detail	1	[{"added": {}}]	9	1
129	2025-06-28 15:09:42.576838+09	44	06 Inkaholics Magazine Spread (Personal Project) - detail	3		9	1
130	2025-06-28 15:12:37.393388+09	46	07 MysticJinx Logo (Personal Project) - main	1	[{"added": {}}]	9	1
131	2025-06-28 15:12:46.71914+09	47	07 MysticJinx Logo (Personal Project) - detail_main	1	[{"added": {}}]	9	1
132	2025-06-28 15:12:56.380617+09	48	07 MysticJinx Logo (Personal Project) - detail	1	[{"added": {}}]	9	1
133	2025-06-28 15:13:06.610066+09	49	07 MysticJinx Logo (Personal Project) - detail	1	[{"added": {}}]	9	1
134	2025-06-28 15:15:42.695804+09	50	08 Gone With the Phantom Poster (Personal Project) - main	1	[{"added": {}}]	9	1
135	2025-06-28 15:15:57.014245+09	51	08 Gone With the Phantom Poster (Personal Project) - detail_main	1	[{"added": {}}]	9	1
136	2025-06-28 15:20:17.58533+09	52	09 Blind Faith Project (Personal Project) - main	1	[{"added": {}}]	9	1
137	2025-06-28 15:20:28.101086+09	53	09 Blind Faith Project (Personal Project) - detail_main	1	[{"added": {}}]	9	1
138	2025-06-28 15:20:40.252493+09	54	09 Blind Faith Project (Personal Project) - detail	1	[{"added": {}}]	9	1
139	2025-06-28 15:20:51.088624+09	55	09 Blind Faith Project (Personal Project) - detail	1	[{"added": {}}]	9	1
140	2025-06-28 15:21:00.47507+09	56	09 Blind Faith Project (Personal Project) - detail	1	[{"added": {}}]	9	1
141	2025-06-28 15:21:09.904893+09	57	09 Blind Faith Project (Personal Project) - detail	1	[{"added": {}}]	9	1
142	2025-06-28 15:21:39.184477+09	54	09 Blind Faith Project (Personal Project) - detail	3		9	1
143	2025-06-28 15:23:03.539938+09	58	10 Tranquil Tea Packaging (Personal Project) - main	1	[{"added": {}}]	9	1
144	2025-06-28 15:23:14.372415+09	59	10 Tranquil Tea Packaging (Personal Project) - detail_main	1	[{"added": {}}]	9	1
145	2025-06-28 15:25:46.833821+09	60	11 Lost in Dreams Event (Personal Project) - main	1	[{"added": {}}]	9	1
146	2025-06-28 15:25:56.301578+09	61	11 Lost in Dreams Event (Personal Project) - detail_main	1	[{"added": {}}]	9	1
147	2025-06-28 15:26:05.564458+09	62	11 Lost in Dreams Event (Personal Project) - detail	1	[{"added": {}}]	9	1
148	2025-06-28 15:27:25.084432+09	63	12 Stranger Than UNLV (Personal Project) - main	1	[{"added": {}}]	9	1
149	2025-06-28 15:27:35.486181+09	64	12 Stranger Than UNLV (Personal Project) - detail_main	1	[{"added": {}}]	9	1
150	2025-06-28 22:34:41.4552+09	13	12 Stranger Than UNLV (Personal Project)	3		7	1
151	2025-06-29 07:53:39.539261+09	4	03 Beach Volleyball Shorts (Team Project)	2	[{"changed": {"fields": ["\\u9ad8\\u984d\\u53d6\\u5f15\\u5b9f\\u7e3e\\u3042\\u308a"]}}]	7	1
152	2025-06-29 07:53:46.278436+09	3	02 Beach Volleyball Shorts (Team Project)	2	[{"changed": {"fields": ["\\u9ad8\\u984d\\u53d6\\u5f15\\u5b9f\\u7e3e\\u3042\\u308a"]}}]	7	1
\.


--
-- Data for Name: django_content_type; Type: TABLE DATA; Schema: public; Owner: dev_admin
--

COPY public.django_content_type (id, app_label, model) FROM stdin;
1	admin	logentry
2	auth	permission
3	auth	group
4	contenttypes	contenttype
5	sessions	session
6	core	user
7	core	work
8	core	purchase
9	core	image
10	core	accesslog
11	core	favorite
12	authtoken	token
13	authtoken	tokenproxy
14	sites	site
15	account	emailaddress
16	account	emailconfirmation
17	socialaccount	socialaccount
18	socialaccount	socialapp
19	socialaccount	socialtoken
\.


--
-- Data for Name: django_migrations; Type: TABLE DATA; Schema: public; Owner: dev_admin
--

COPY public.django_migrations (id, app, name, applied) FROM stdin;
1	contenttypes	0001_initial	2025-06-08 20:35:25.018881+09
2	contenttypes	0002_remove_content_type_name	2025-06-08 20:35:25.034684+09
3	auth	0001_initial	2025-06-08 20:35:25.097413+09
4	auth	0002_alter_permission_name_max_length	2025-06-08 20:35:25.105213+09
5	auth	0003_alter_user_email_max_length	2025-06-08 20:35:25.112996+09
6	auth	0004_alter_user_username_opts	2025-06-08 20:35:25.121561+09
7	auth	0005_alter_user_last_login_null	2025-06-08 20:35:25.132726+09
8	auth	0006_require_contenttypes_0002	2025-06-08 20:35:25.134516+09
9	auth	0007_alter_validators_add_error_messages	2025-06-08 20:35:25.145371+09
10	auth	0008_alter_user_username_max_length	2025-06-08 20:35:25.154547+09
11	auth	0009_alter_user_last_name_max_length	2025-06-08 20:35:25.163884+09
12	auth	0010_alter_group_name_max_length	2025-06-08 20:35:25.178706+09
13	auth	0011_update_proxy_permissions	2025-06-08 20:35:25.190756+09
14	auth	0012_alter_user_first_name_max_length	2025-06-08 20:35:25.200804+09
15	core	0001_initial	2025-06-08 20:35:25.406303+09
16	admin	0001_initial	2025-06-08 20:35:25.446601+09
17	admin	0002_logentry_remove_auto_add	2025-06-08 20:35:25.465+09
18	admin	0003_logentry_add_action_flag_choices	2025-06-08 20:35:25.482655+09
19	sessions	0001_initial	2025-06-08 20:35:25.497004+09
20	core	0002_alter_image_options_remove_image_image_url_and_more	2025-06-13 15:34:17.685973+09
21	core	0003_alter_image_image_file	2025-06-13 15:37:00.307841+09
22	core	0004_alter_work_options_work_order	2025-06-13 21:30:06.376654+09
23	account	0001_initial	2025-06-17 23:47:43.104235+09
24	account	0002_email_max_length	2025-06-17 23:47:43.127073+09
25	account	0003_alter_emailaddress_create_unique_verified_email	2025-06-17 23:47:43.159286+09
26	account	0004_alter_emailaddress_drop_unique_email	2025-06-17 23:47:43.201269+09
27	account	0005_emailaddress_idx_upper_email	2025-06-17 23:47:43.222235+09
28	account	0006_emailaddress_lower	2025-06-17 23:47:43.249524+09
29	account	0007_emailaddress_idx_email	2025-06-17 23:47:43.283613+09
30	account	0008_emailaddress_unique_primary_email_fixup	2025-06-17 23:47:43.307729+09
31	account	0009_emailaddress_unique_primary_email	2025-06-17 23:47:43.32574+09
32	authtoken	0001_initial	2025-06-17 23:47:43.351198+09
33	authtoken	0002_auto_20160226_1747	2025-06-17 23:47:43.446089+09
34	authtoken	0003_tokenproxy	2025-06-17 23:47:43.449134+09
35	authtoken	0004_alter_tokenproxy_options	2025-06-17 23:47:43.455497+09
36	sites	0001_initial	2025-06-17 23:47:43.463433+09
37	sites	0002_alter_domain_unique	2025-06-17 23:47:43.473168+09
38	socialaccount	0001_initial	2025-06-17 23:47:43.584455+09
39	socialaccount	0002_token_max_lengths	2025-06-17 23:47:43.623775+09
40	socialaccount	0003_extra_data_default_dict	2025-06-17 23:47:43.641354+09
41	socialaccount	0004_app_provider_id_settings	2025-06-17 23:47:43.678504+09
42	socialaccount	0005_socialtoken_nullable_app	2025-06-17 23:47:43.709095+09
43	socialaccount	0006_alter_socialaccount_extra_data	2025-06-17 23:47:43.734698+09
\.


--
-- Data for Name: django_session; Type: TABLE DATA; Schema: public; Owner: dev_admin
--

COPY public.django_session (session_key, session_data, expire_date) FROM stdin;
jixw2166us52grsag887udlu6dh3ecps	.eJytjktLw0AUhf_LrMMwz0wmu_qgIlaKolCkhHk2Y2OmZiYVLP3vptiF7ru93znfuQfQqDG3zZjc0AQLaoBB8femldm6_gTsu-o3EZrY5yFoeIrAM01wEa3rrs7Zf4JWpXZqVxaVHBGptXdeG4m5RN5jbrwpMSGEkVJo5hnnQmhqraaMEscN1lwzjtkkTdEE1Slj4tjnJmWVXQL1Aaz2Y1U9m0Wc84wePuegfjuA3RCNSxMHXdyEfqpblRWo-7HrCrDbGteY6edm74bggxt-ybHAgiNKCMISCi4lEesCLLKbPZbUta1ehtX1y0UGKgQZpUJOfvL9Ovtaqpvbu4_yfsOfLuCnSEpY4UoKvj4efwB24J2e:1uSAzj:rC0yF29h8-20DfTMFxKSh84hhIOP9FVKgoh1gDyGjx0	2025-07-03 17:51:39.819418+09
\.


--
-- Data for Name: django_site; Type: TABLE DATA; Schema: public; Owner: dev_admin
--

COPY public.django_site (id, domain, name) FROM stdin;
1	example.com	example.com
\.


--
-- Data for Name: socialaccount_socialaccount; Type: TABLE DATA; Schema: public; Owner: dev_admin
--

COPY public.socialaccount_socialaccount (id, provider, uid, last_login, date_joined, extra_data, user_id) FROM stdin;
\.


--
-- Data for Name: socialaccount_socialapp; Type: TABLE DATA; Schema: public; Owner: dev_admin
--

COPY public.socialaccount_socialapp (id, provider, name, client_id, secret, key, provider_id, settings) FROM stdin;
\.


--
-- Data for Name: socialaccount_socialapp_sites; Type: TABLE DATA; Schema: public; Owner: dev_admin
--

COPY public.socialaccount_socialapp_sites (id, socialapp_id, site_id) FROM stdin;
\.


--
-- Data for Name: socialaccount_socialtoken; Type: TABLE DATA; Schema: public; Owner: dev_admin
--

COPY public.socialaccount_socialtoken (id, token, token_secret, expires_at, account_id, app_id) FROM stdin;
\.


--
-- Name: account_emailaddress_id_seq; Type: SEQUENCE SET; Schema: public; Owner: dev_admin
--

SELECT pg_catalog.setval('public.account_emailaddress_id_seq', 1, false);


--
-- Name: account_emailconfirmation_id_seq; Type: SEQUENCE SET; Schema: public; Owner: dev_admin
--

SELECT pg_catalog.setval('public.account_emailconfirmation_id_seq', 1, false);


--
-- Name: auth_group_id_seq; Type: SEQUENCE SET; Schema: public; Owner: dev_admin
--

SELECT pg_catalog.setval('public.auth_group_id_seq', 1, false);


--
-- Name: auth_group_permissions_id_seq; Type: SEQUENCE SET; Schema: public; Owner: dev_admin
--

SELECT pg_catalog.setval('public.auth_group_permissions_id_seq', 1, false);


--
-- Name: auth_permission_id_seq; Type: SEQUENCE SET; Schema: public; Owner: dev_admin
--

SELECT pg_catalog.setval('public.auth_permission_id_seq', 76, true);


--
-- Name: core_accesslog_id_seq; Type: SEQUENCE SET; Schema: public; Owner: dev_admin
--

SELECT pg_catalog.setval('public.core_accesslog_id_seq', 1, false);


--
-- Name: core_favorite_id_seq; Type: SEQUENCE SET; Schema: public; Owner: dev_admin
--

SELECT pg_catalog.setval('public.core_favorite_id_seq', 34, true);


--
-- Name: core_image_id_seq; Type: SEQUENCE SET; Schema: public; Owner: dev_admin
--

SELECT pg_catalog.setval('public.core_image_id_seq', 64, true);


--
-- Name: core_purchase_id_seq; Type: SEQUENCE SET; Schema: public; Owner: dev_admin
--

SELECT pg_catalog.setval('public.core_purchase_id_seq', 1, false);


--
-- Name: core_user_groups_id_seq; Type: SEQUENCE SET; Schema: public; Owner: dev_admin
--

SELECT pg_catalog.setval('public.core_user_groups_id_seq', 1, false);


--
-- Name: core_user_id_seq; Type: SEQUENCE SET; Schema: public; Owner: dev_admin
--

SELECT pg_catalog.setval('public.core_user_id_seq', 2, true);


--
-- Name: core_user_user_permissions_id_seq; Type: SEQUENCE SET; Schema: public; Owner: dev_admin
--

SELECT pg_catalog.setval('public.core_user_user_permissions_id_seq', 1, false);


--
-- Name: core_work_id_seq; Type: SEQUENCE SET; Schema: public; Owner: dev_admin
--

SELECT pg_catalog.setval('public.core_work_id_seq', 13, true);


--
-- Name: django_admin_log_id_seq; Type: SEQUENCE SET; Schema: public; Owner: dev_admin
--

SELECT pg_catalog.setval('public.django_admin_log_id_seq', 152, true);


--
-- Name: django_content_type_id_seq; Type: SEQUENCE SET; Schema: public; Owner: dev_admin
--

SELECT pg_catalog.setval('public.django_content_type_id_seq', 19, true);


--
-- Name: django_migrations_id_seq; Type: SEQUENCE SET; Schema: public; Owner: dev_admin
--

SELECT pg_catalog.setval('public.django_migrations_id_seq', 44, true);


--
-- Name: django_site_id_seq; Type: SEQUENCE SET; Schema: public; Owner: dev_admin
--

SELECT pg_catalog.setval('public.django_site_id_seq', 1, true);


--
-- Name: socialaccount_socialaccount_id_seq; Type: SEQUENCE SET; Schema: public; Owner: dev_admin
--

SELECT pg_catalog.setval('public.socialaccount_socialaccount_id_seq', 1, false);


--
-- Name: socialaccount_socialapp_id_seq; Type: SEQUENCE SET; Schema: public; Owner: dev_admin
--

SELECT pg_catalog.setval('public.socialaccount_socialapp_id_seq', 1, false);


--
-- Name: socialaccount_socialapp_sites_id_seq; Type: SEQUENCE SET; Schema: public; Owner: dev_admin
--

SELECT pg_catalog.setval('public.socialaccount_socialapp_sites_id_seq', 1, false);


--
-- Name: socialaccount_socialtoken_id_seq; Type: SEQUENCE SET; Schema: public; Owner: dev_admin
--

SELECT pg_catalog.setval('public.socialaccount_socialtoken_id_seq', 1, false);


--
-- Name: account_emailaddress account_emailaddress_pkey; Type: CONSTRAINT; Schema: public; Owner: dev_admin
--

ALTER TABLE ONLY public.account_emailaddress
    ADD CONSTRAINT account_emailaddress_pkey PRIMARY KEY (id);


--
-- Name: account_emailaddress account_emailaddress_user_id_email_987c8728_uniq; Type: CONSTRAINT; Schema: public; Owner: dev_admin
--

ALTER TABLE ONLY public.account_emailaddress
    ADD CONSTRAINT account_emailaddress_user_id_email_987c8728_uniq UNIQUE (user_id, email);


--
-- Name: account_emailconfirmation account_emailconfirmation_key_key; Type: CONSTRAINT; Schema: public; Owner: dev_admin
--

ALTER TABLE ONLY public.account_emailconfirmation
    ADD CONSTRAINT account_emailconfirmation_key_key UNIQUE (key);


--
-- Name: account_emailconfirmation account_emailconfirmation_pkey; Type: CONSTRAINT; Schema: public; Owner: dev_admin
--

ALTER TABLE ONLY public.account_emailconfirmation
    ADD CONSTRAINT account_emailconfirmation_pkey PRIMARY KEY (id);


--
-- Name: auth_group auth_group_name_key; Type: CONSTRAINT; Schema: public; Owner: dev_admin
--

ALTER TABLE ONLY public.auth_group
    ADD CONSTRAINT auth_group_name_key UNIQUE (name);


--
-- Name: auth_group_permissions auth_group_permissions_group_id_permission_id_0cd325b0_uniq; Type: CONSTRAINT; Schema: public; Owner: dev_admin
--

ALTER TABLE ONLY public.auth_group_permissions
    ADD CONSTRAINT auth_group_permissions_group_id_permission_id_0cd325b0_uniq UNIQUE (group_id, permission_id);


--
-- Name: auth_group_permissions auth_group_permissions_pkey; Type: CONSTRAINT; Schema: public; Owner: dev_admin
--

ALTER TABLE ONLY public.auth_group_permissions
    ADD CONSTRAINT auth_group_permissions_pkey PRIMARY KEY (id);


--
-- Name: auth_group auth_group_pkey; Type: CONSTRAINT; Schema: public; Owner: dev_admin
--

ALTER TABLE ONLY public.auth_group
    ADD CONSTRAINT auth_group_pkey PRIMARY KEY (id);


--
-- Name: auth_permission auth_permission_content_type_id_codename_01ab375a_uniq; Type: CONSTRAINT; Schema: public; Owner: dev_admin
--

ALTER TABLE ONLY public.auth_permission
    ADD CONSTRAINT auth_permission_content_type_id_codename_01ab375a_uniq UNIQUE (content_type_id, codename);


--
-- Name: auth_permission auth_permission_pkey; Type: CONSTRAINT; Schema: public; Owner: dev_admin
--

ALTER TABLE ONLY public.auth_permission
    ADD CONSTRAINT auth_permission_pkey PRIMARY KEY (id);


--
-- Name: authtoken_token authtoken_token_pkey; Type: CONSTRAINT; Schema: public; Owner: dev_admin
--

ALTER TABLE ONLY public.authtoken_token
    ADD CONSTRAINT authtoken_token_pkey PRIMARY KEY (key);


--
-- Name: authtoken_token authtoken_token_user_id_key; Type: CONSTRAINT; Schema: public; Owner: dev_admin
--

ALTER TABLE ONLY public.authtoken_token
    ADD CONSTRAINT authtoken_token_user_id_key UNIQUE (user_id);


--
-- Name: core_accesslog core_accesslog_pkey; Type: CONSTRAINT; Schema: public; Owner: dev_admin
--

ALTER TABLE ONLY public.core_accesslog
    ADD CONSTRAINT core_accesslog_pkey PRIMARY KEY (id);


--
-- Name: core_favorite core_favorite_pkey; Type: CONSTRAINT; Schema: public; Owner: dev_admin
--

ALTER TABLE ONLY public.core_favorite
    ADD CONSTRAINT core_favorite_pkey PRIMARY KEY (id);


--
-- Name: core_favorite core_favorite_user_id_work_id_2d8a6678_uniq; Type: CONSTRAINT; Schema: public; Owner: dev_admin
--

ALTER TABLE ONLY public.core_favorite
    ADD CONSTRAINT core_favorite_user_id_work_id_2d8a6678_uniq UNIQUE (user_id, work_id);


--
-- Name: core_image core_image_pkey; Type: CONSTRAINT; Schema: public; Owner: dev_admin
--

ALTER TABLE ONLY public.core_image
    ADD CONSTRAINT core_image_pkey PRIMARY KEY (id);


--
-- Name: core_purchase core_purchase_pkey; Type: CONSTRAINT; Schema: public; Owner: dev_admin
--

ALTER TABLE ONLY public.core_purchase
    ADD CONSTRAINT core_purchase_pkey PRIMARY KEY (id);


--
-- Name: core_user_groups core_user_groups_pkey; Type: CONSTRAINT; Schema: public; Owner: dev_admin
--

ALTER TABLE ONLY public.core_user_groups
    ADD CONSTRAINT core_user_groups_pkey PRIMARY KEY (id);


--
-- Name: core_user_groups core_user_groups_user_id_group_id_c82fcad1_uniq; Type: CONSTRAINT; Schema: public; Owner: dev_admin
--

ALTER TABLE ONLY public.core_user_groups
    ADD CONSTRAINT core_user_groups_user_id_group_id_c82fcad1_uniq UNIQUE (user_id, group_id);


--
-- Name: core_user core_user_pkey; Type: CONSTRAINT; Schema: public; Owner: dev_admin
--

ALTER TABLE ONLY public.core_user
    ADD CONSTRAINT core_user_pkey PRIMARY KEY (id);


--
-- Name: core_user_user_permissions core_user_user_permissions_pkey; Type: CONSTRAINT; Schema: public; Owner: dev_admin
--

ALTER TABLE ONLY public.core_user_user_permissions
    ADD CONSTRAINT core_user_user_permissions_pkey PRIMARY KEY (id);


--
-- Name: core_user_user_permissions core_user_user_permissions_user_id_permission_id_73ea0daa_uniq; Type: CONSTRAINT; Schema: public; Owner: dev_admin
--

ALTER TABLE ONLY public.core_user_user_permissions
    ADD CONSTRAINT core_user_user_permissions_user_id_permission_id_73ea0daa_uniq UNIQUE (user_id, permission_id);


--
-- Name: core_user core_user_username_key; Type: CONSTRAINT; Schema: public; Owner: dev_admin
--

ALTER TABLE ONLY public.core_user
    ADD CONSTRAINT core_user_username_key UNIQUE (username);


--
-- Name: core_work core_work_pkey; Type: CONSTRAINT; Schema: public; Owner: dev_admin
--

ALTER TABLE ONLY public.core_work
    ADD CONSTRAINT core_work_pkey PRIMARY KEY (id);


--
-- Name: django_admin_log django_admin_log_pkey; Type: CONSTRAINT; Schema: public; Owner: dev_admin
--

ALTER TABLE ONLY public.django_admin_log
    ADD CONSTRAINT django_admin_log_pkey PRIMARY KEY (id);


--
-- Name: django_content_type django_content_type_app_label_model_76bd3d3b_uniq; Type: CONSTRAINT; Schema: public; Owner: dev_admin
--

ALTER TABLE ONLY public.django_content_type
    ADD CONSTRAINT django_content_type_app_label_model_76bd3d3b_uniq UNIQUE (app_label, model);


--
-- Name: django_content_type django_content_type_pkey; Type: CONSTRAINT; Schema: public; Owner: dev_admin
--

ALTER TABLE ONLY public.django_content_type
    ADD CONSTRAINT django_content_type_pkey PRIMARY KEY (id);


--
-- Name: django_migrations django_migrations_pkey; Type: CONSTRAINT; Schema: public; Owner: dev_admin
--

ALTER TABLE ONLY public.django_migrations
    ADD CONSTRAINT django_migrations_pkey PRIMARY KEY (id);


--
-- Name: django_session django_session_pkey; Type: CONSTRAINT; Schema: public; Owner: dev_admin
--

ALTER TABLE ONLY public.django_session
    ADD CONSTRAINT django_session_pkey PRIMARY KEY (session_key);


--
-- Name: django_site django_site_domain_a2e37b91_uniq; Type: CONSTRAINT; Schema: public; Owner: dev_admin
--

ALTER TABLE ONLY public.django_site
    ADD CONSTRAINT django_site_domain_a2e37b91_uniq UNIQUE (domain);


--
-- Name: django_site django_site_pkey; Type: CONSTRAINT; Schema: public; Owner: dev_admin
--

ALTER TABLE ONLY public.django_site
    ADD CONSTRAINT django_site_pkey PRIMARY KEY (id);


--
-- Name: socialaccount_socialaccount socialaccount_socialaccount_pkey; Type: CONSTRAINT; Schema: public; Owner: dev_admin
--

ALTER TABLE ONLY public.socialaccount_socialaccount
    ADD CONSTRAINT socialaccount_socialaccount_pkey PRIMARY KEY (id);


--
-- Name: socialaccount_socialaccount socialaccount_socialaccount_provider_uid_fc810c6e_uniq; Type: CONSTRAINT; Schema: public; Owner: dev_admin
--

ALTER TABLE ONLY public.socialaccount_socialaccount
    ADD CONSTRAINT socialaccount_socialaccount_provider_uid_fc810c6e_uniq UNIQUE (provider, uid);


--
-- Name: socialaccount_socialapp_sites socialaccount_socialapp__socialapp_id_site_id_71a9a768_uniq; Type: CONSTRAINT; Schema: public; Owner: dev_admin
--

ALTER TABLE ONLY public.socialaccount_socialapp_sites
    ADD CONSTRAINT socialaccount_socialapp__socialapp_id_site_id_71a9a768_uniq UNIQUE (socialapp_id, site_id);


--
-- Name: socialaccount_socialapp socialaccount_socialapp_pkey; Type: CONSTRAINT; Schema: public; Owner: dev_admin
--

ALTER TABLE ONLY public.socialaccount_socialapp
    ADD CONSTRAINT socialaccount_socialapp_pkey PRIMARY KEY (id);


--
-- Name: socialaccount_socialapp_sites socialaccount_socialapp_sites_pkey; Type: CONSTRAINT; Schema: public; Owner: dev_admin
--

ALTER TABLE ONLY public.socialaccount_socialapp_sites
    ADD CONSTRAINT socialaccount_socialapp_sites_pkey PRIMARY KEY (id);


--
-- Name: socialaccount_socialtoken socialaccount_socialtoken_app_id_account_id_fca4e0ac_uniq; Type: CONSTRAINT; Schema: public; Owner: dev_admin
--

ALTER TABLE ONLY public.socialaccount_socialtoken
    ADD CONSTRAINT socialaccount_socialtoken_app_id_account_id_fca4e0ac_uniq UNIQUE (app_id, account_id);


--
-- Name: socialaccount_socialtoken socialaccount_socialtoken_pkey; Type: CONSTRAINT; Schema: public; Owner: dev_admin
--

ALTER TABLE ONLY public.socialaccount_socialtoken
    ADD CONSTRAINT socialaccount_socialtoken_pkey PRIMARY KEY (id);


--
-- Name: account_emailaddress_email_03be32b2; Type: INDEX; Schema: public; Owner: dev_admin
--

CREATE INDEX account_emailaddress_email_03be32b2 ON public.account_emailaddress USING btree (email);


--
-- Name: account_emailaddress_email_03be32b2_like; Type: INDEX; Schema: public; Owner: dev_admin
--

CREATE INDEX account_emailaddress_email_03be32b2_like ON public.account_emailaddress USING btree (email varchar_pattern_ops);


--
-- Name: account_emailaddress_user_id_2c513194; Type: INDEX; Schema: public; Owner: dev_admin
--

CREATE INDEX account_emailaddress_user_id_2c513194 ON public.account_emailaddress USING btree (user_id);


--
-- Name: account_emailconfirmation_email_address_id_5b7f8c58; Type: INDEX; Schema: public; Owner: dev_admin
--

CREATE INDEX account_emailconfirmation_email_address_id_5b7f8c58 ON public.account_emailconfirmation USING btree (email_address_id);


--
-- Name: account_emailconfirmation_key_f43612bd_like; Type: INDEX; Schema: public; Owner: dev_admin
--

CREATE INDEX account_emailconfirmation_key_f43612bd_like ON public.account_emailconfirmation USING btree (key varchar_pattern_ops);


--
-- Name: auth_group_name_a6ea08ec_like; Type: INDEX; Schema: public; Owner: dev_admin
--

CREATE INDEX auth_group_name_a6ea08ec_like ON public.auth_group USING btree (name varchar_pattern_ops);


--
-- Name: auth_group_permissions_group_id_b120cbf9; Type: INDEX; Schema: public; Owner: dev_admin
--

CREATE INDEX auth_group_permissions_group_id_b120cbf9 ON public.auth_group_permissions USING btree (group_id);


--
-- Name: auth_group_permissions_permission_id_84c5c92e; Type: INDEX; Schema: public; Owner: dev_admin
--

CREATE INDEX auth_group_permissions_permission_id_84c5c92e ON public.auth_group_permissions USING btree (permission_id);


--
-- Name: auth_permission_content_type_id_2f476e4b; Type: INDEX; Schema: public; Owner: dev_admin
--

CREATE INDEX auth_permission_content_type_id_2f476e4b ON public.auth_permission USING btree (content_type_id);


--
-- Name: authtoken_token_key_10f0b77e_like; Type: INDEX; Schema: public; Owner: dev_admin
--

CREATE INDEX authtoken_token_key_10f0b77e_like ON public.authtoken_token USING btree (key varchar_pattern_ops);


--
-- Name: core_accesslog_work_id_8812db63; Type: INDEX; Schema: public; Owner: dev_admin
--

CREATE INDEX core_accesslog_work_id_8812db63 ON public.core_accesslog USING btree (work_id);


--
-- Name: core_favorite_user_id_6e3cf6dd; Type: INDEX; Schema: public; Owner: dev_admin
--

CREATE INDEX core_favorite_user_id_6e3cf6dd ON public.core_favorite USING btree (user_id);


--
-- Name: core_favorite_work_id_05e49d10; Type: INDEX; Schema: public; Owner: dev_admin
--

CREATE INDEX core_favorite_work_id_05e49d10 ON public.core_favorite USING btree (work_id);


--
-- Name: core_image_work_id_d2558917; Type: INDEX; Schema: public; Owner: dev_admin
--

CREATE INDEX core_image_work_id_d2558917 ON public.core_image USING btree (work_id);


--
-- Name: core_purchase_user_id_5461a1ee; Type: INDEX; Schema: public; Owner: dev_admin
--

CREATE INDEX core_purchase_user_id_5461a1ee ON public.core_purchase USING btree (user_id);


--
-- Name: core_purchase_work_id_311f2041; Type: INDEX; Schema: public; Owner: dev_admin
--

CREATE INDEX core_purchase_work_id_311f2041 ON public.core_purchase USING btree (work_id);


--
-- Name: core_user_groups_group_id_fe8c697f; Type: INDEX; Schema: public; Owner: dev_admin
--

CREATE INDEX core_user_groups_group_id_fe8c697f ON public.core_user_groups USING btree (group_id);


--
-- Name: core_user_groups_user_id_70b4d9b8; Type: INDEX; Schema: public; Owner: dev_admin
--

CREATE INDEX core_user_groups_user_id_70b4d9b8 ON public.core_user_groups USING btree (user_id);


--
-- Name: core_user_user_permissions_permission_id_35ccf601; Type: INDEX; Schema: public; Owner: dev_admin
--

CREATE INDEX core_user_user_permissions_permission_id_35ccf601 ON public.core_user_user_permissions USING btree (permission_id);


--
-- Name: core_user_user_permissions_user_id_085123d3; Type: INDEX; Schema: public; Owner: dev_admin
--

CREATE INDEX core_user_user_permissions_user_id_085123d3 ON public.core_user_user_permissions USING btree (user_id);


--
-- Name: core_user_username_36e4f7f7_like; Type: INDEX; Schema: public; Owner: dev_admin
--

CREATE INDEX core_user_username_36e4f7f7_like ON public.core_user USING btree (username varchar_pattern_ops);


--
-- Name: core_work_user_id_b28dfe29; Type: INDEX; Schema: public; Owner: dev_admin
--

CREATE INDEX core_work_user_id_b28dfe29 ON public.core_work USING btree (user_id);


--
-- Name: django_admin_log_content_type_id_c4bce8eb; Type: INDEX; Schema: public; Owner: dev_admin
--

CREATE INDEX django_admin_log_content_type_id_c4bce8eb ON public.django_admin_log USING btree (content_type_id);


--
-- Name: django_admin_log_user_id_c564eba6; Type: INDEX; Schema: public; Owner: dev_admin
--

CREATE INDEX django_admin_log_user_id_c564eba6 ON public.django_admin_log USING btree (user_id);


--
-- Name: django_session_expire_date_a5c62663; Type: INDEX; Schema: public; Owner: dev_admin
--

CREATE INDEX django_session_expire_date_a5c62663 ON public.django_session USING btree (expire_date);


--
-- Name: django_session_session_key_c0390e0f_like; Type: INDEX; Schema: public; Owner: dev_admin
--

CREATE INDEX django_session_session_key_c0390e0f_like ON public.django_session USING btree (session_key varchar_pattern_ops);


--
-- Name: django_site_domain_a2e37b91_like; Type: INDEX; Schema: public; Owner: dev_admin
--

CREATE INDEX django_site_domain_a2e37b91_like ON public.django_site USING btree (domain varchar_pattern_ops);


--
-- Name: socialaccount_socialaccount_user_id_8146e70c; Type: INDEX; Schema: public; Owner: dev_admin
--

CREATE INDEX socialaccount_socialaccount_user_id_8146e70c ON public.socialaccount_socialaccount USING btree (user_id);


--
-- Name: socialaccount_socialapp_sites_site_id_2579dee5; Type: INDEX; Schema: public; Owner: dev_admin
--

CREATE INDEX socialaccount_socialapp_sites_site_id_2579dee5 ON public.socialaccount_socialapp_sites USING btree (site_id);


--
-- Name: socialaccount_socialapp_sites_socialapp_id_97fb6e7d; Type: INDEX; Schema: public; Owner: dev_admin
--

CREATE INDEX socialaccount_socialapp_sites_socialapp_id_97fb6e7d ON public.socialaccount_socialapp_sites USING btree (socialapp_id);


--
-- Name: socialaccount_socialtoken_account_id_951f210e; Type: INDEX; Schema: public; Owner: dev_admin
--

CREATE INDEX socialaccount_socialtoken_account_id_951f210e ON public.socialaccount_socialtoken USING btree (account_id);


--
-- Name: socialaccount_socialtoken_app_id_636a42d7; Type: INDEX; Schema: public; Owner: dev_admin
--

CREATE INDEX socialaccount_socialtoken_app_id_636a42d7 ON public.socialaccount_socialtoken USING btree (app_id);


--
-- Name: unique_primary_email; Type: INDEX; Schema: public; Owner: dev_admin
--

CREATE UNIQUE INDEX unique_primary_email ON public.account_emailaddress USING btree (user_id, "primary") WHERE "primary";


--
-- Name: unique_verified_email; Type: INDEX; Schema: public; Owner: dev_admin
--

CREATE UNIQUE INDEX unique_verified_email ON public.account_emailaddress USING btree (email) WHERE verified;


--
-- Name: account_emailaddress account_emailaddress_user_id_2c513194_fk_core_user_id; Type: FK CONSTRAINT; Schema: public; Owner: dev_admin
--

ALTER TABLE ONLY public.account_emailaddress
    ADD CONSTRAINT account_emailaddress_user_id_2c513194_fk_core_user_id FOREIGN KEY (user_id) REFERENCES public.core_user(id) DEFERRABLE INITIALLY DEFERRED;


--
-- Name: account_emailconfirmation account_emailconfirm_email_address_id_5b7f8c58_fk_account_e; Type: FK CONSTRAINT; Schema: public; Owner: dev_admin
--

ALTER TABLE ONLY public.account_emailconfirmation
    ADD CONSTRAINT account_emailconfirm_email_address_id_5b7f8c58_fk_account_e FOREIGN KEY (email_address_id) REFERENCES public.account_emailaddress(id) DEFERRABLE INITIALLY DEFERRED;


--
-- Name: auth_group_permissions auth_group_permissio_permission_id_84c5c92e_fk_auth_perm; Type: FK CONSTRAINT; Schema: public; Owner: dev_admin
--

ALTER TABLE ONLY public.auth_group_permissions
    ADD CONSTRAINT auth_group_permissio_permission_id_84c5c92e_fk_auth_perm FOREIGN KEY (permission_id) REFERENCES public.auth_permission(id) DEFERRABLE INITIALLY DEFERRED;


--
-- Name: auth_group_permissions auth_group_permissions_group_id_b120cbf9_fk_auth_group_id; Type: FK CONSTRAINT; Schema: public; Owner: dev_admin
--

ALTER TABLE ONLY public.auth_group_permissions
    ADD CONSTRAINT auth_group_permissions_group_id_b120cbf9_fk_auth_group_id FOREIGN KEY (group_id) REFERENCES public.auth_group(id) DEFERRABLE INITIALLY DEFERRED;


--
-- Name: auth_permission auth_permission_content_type_id_2f476e4b_fk_django_co; Type: FK CONSTRAINT; Schema: public; Owner: dev_admin
--

ALTER TABLE ONLY public.auth_permission
    ADD CONSTRAINT auth_permission_content_type_id_2f476e4b_fk_django_co FOREIGN KEY (content_type_id) REFERENCES public.django_content_type(id) DEFERRABLE INITIALLY DEFERRED;


--
-- Name: authtoken_token authtoken_token_user_id_35299eff_fk_core_user_id; Type: FK CONSTRAINT; Schema: public; Owner: dev_admin
--

ALTER TABLE ONLY public.authtoken_token
    ADD CONSTRAINT authtoken_token_user_id_35299eff_fk_core_user_id FOREIGN KEY (user_id) REFERENCES public.core_user(id) DEFERRABLE INITIALLY DEFERRED;


--
-- Name: core_accesslog core_accesslog_work_id_8812db63_fk_core_work_id; Type: FK CONSTRAINT; Schema: public; Owner: dev_admin
--

ALTER TABLE ONLY public.core_accesslog
    ADD CONSTRAINT core_accesslog_work_id_8812db63_fk_core_work_id FOREIGN KEY (work_id) REFERENCES public.core_work(id) DEFERRABLE INITIALLY DEFERRED;


--
-- Name: core_favorite core_favorite_user_id_6e3cf6dd_fk_core_user_id; Type: FK CONSTRAINT; Schema: public; Owner: dev_admin
--

ALTER TABLE ONLY public.core_favorite
    ADD CONSTRAINT core_favorite_user_id_6e3cf6dd_fk_core_user_id FOREIGN KEY (user_id) REFERENCES public.core_user(id) DEFERRABLE INITIALLY DEFERRED;


--
-- Name: core_favorite core_favorite_work_id_05e49d10_fk_core_work_id; Type: FK CONSTRAINT; Schema: public; Owner: dev_admin
--

ALTER TABLE ONLY public.core_favorite
    ADD CONSTRAINT core_favorite_work_id_05e49d10_fk_core_work_id FOREIGN KEY (work_id) REFERENCES public.core_work(id) DEFERRABLE INITIALLY DEFERRED;


--
-- Name: core_image core_image_work_id_d2558917_fk_core_work_id; Type: FK CONSTRAINT; Schema: public; Owner: dev_admin
--

ALTER TABLE ONLY public.core_image
    ADD CONSTRAINT core_image_work_id_d2558917_fk_core_work_id FOREIGN KEY (work_id) REFERENCES public.core_work(id) DEFERRABLE INITIALLY DEFERRED;


--
-- Name: core_purchase core_purchase_user_id_5461a1ee_fk_core_user_id; Type: FK CONSTRAINT; Schema: public; Owner: dev_admin
--

ALTER TABLE ONLY public.core_purchase
    ADD CONSTRAINT core_purchase_user_id_5461a1ee_fk_core_user_id FOREIGN KEY (user_id) REFERENCES public.core_user(id) DEFERRABLE INITIALLY DEFERRED;


--
-- Name: core_purchase core_purchase_work_id_311f2041_fk_core_work_id; Type: FK CONSTRAINT; Schema: public; Owner: dev_admin
--

ALTER TABLE ONLY public.core_purchase
    ADD CONSTRAINT core_purchase_work_id_311f2041_fk_core_work_id FOREIGN KEY (work_id) REFERENCES public.core_work(id) DEFERRABLE INITIALLY DEFERRED;


--
-- Name: core_user_groups core_user_groups_group_id_fe8c697f_fk_auth_group_id; Type: FK CONSTRAINT; Schema: public; Owner: dev_admin
--

ALTER TABLE ONLY public.core_user_groups
    ADD CONSTRAINT core_user_groups_group_id_fe8c697f_fk_auth_group_id FOREIGN KEY (group_id) REFERENCES public.auth_group(id) DEFERRABLE INITIALLY DEFERRED;


--
-- Name: core_user_groups core_user_groups_user_id_70b4d9b8_fk_core_user_id; Type: FK CONSTRAINT; Schema: public; Owner: dev_admin
--

ALTER TABLE ONLY public.core_user_groups
    ADD CONSTRAINT core_user_groups_user_id_70b4d9b8_fk_core_user_id FOREIGN KEY (user_id) REFERENCES public.core_user(id) DEFERRABLE INITIALLY DEFERRED;


--
-- Name: core_user_user_permissions core_user_user_permi_permission_id_35ccf601_fk_auth_perm; Type: FK CONSTRAINT; Schema: public; Owner: dev_admin
--

ALTER TABLE ONLY public.core_user_user_permissions
    ADD CONSTRAINT core_user_user_permi_permission_id_35ccf601_fk_auth_perm FOREIGN KEY (permission_id) REFERENCES public.auth_permission(id) DEFERRABLE INITIALLY DEFERRED;


--
-- Name: core_user_user_permissions core_user_user_permissions_user_id_085123d3_fk_core_user_id; Type: FK CONSTRAINT; Schema: public; Owner: dev_admin
--

ALTER TABLE ONLY public.core_user_user_permissions
    ADD CONSTRAINT core_user_user_permissions_user_id_085123d3_fk_core_user_id FOREIGN KEY (user_id) REFERENCES public.core_user(id) DEFERRABLE INITIALLY DEFERRED;


--
-- Name: core_work core_work_user_id_b28dfe29_fk_core_user_id; Type: FK CONSTRAINT; Schema: public; Owner: dev_admin
--

ALTER TABLE ONLY public.core_work
    ADD CONSTRAINT core_work_user_id_b28dfe29_fk_core_user_id FOREIGN KEY (user_id) REFERENCES public.core_user(id) DEFERRABLE INITIALLY DEFERRED;


--
-- Name: django_admin_log django_admin_log_content_type_id_c4bce8eb_fk_django_co; Type: FK CONSTRAINT; Schema: public; Owner: dev_admin
--

ALTER TABLE ONLY public.django_admin_log
    ADD CONSTRAINT django_admin_log_content_type_id_c4bce8eb_fk_django_co FOREIGN KEY (content_type_id) REFERENCES public.django_content_type(id) DEFERRABLE INITIALLY DEFERRED;


--
-- Name: django_admin_log django_admin_log_user_id_c564eba6_fk_core_user_id; Type: FK CONSTRAINT; Schema: public; Owner: dev_admin
--

ALTER TABLE ONLY public.django_admin_log
    ADD CONSTRAINT django_admin_log_user_id_c564eba6_fk_core_user_id FOREIGN KEY (user_id) REFERENCES public.core_user(id) DEFERRABLE INITIALLY DEFERRED;


--
-- Name: socialaccount_socialtoken socialaccount_social_account_id_951f210e_fk_socialacc; Type: FK CONSTRAINT; Schema: public; Owner: dev_admin
--

ALTER TABLE ONLY public.socialaccount_socialtoken
    ADD CONSTRAINT socialaccount_social_account_id_951f210e_fk_socialacc FOREIGN KEY (account_id) REFERENCES public.socialaccount_socialaccount(id) DEFERRABLE INITIALLY DEFERRED;


--
-- Name: socialaccount_socialtoken socialaccount_social_app_id_636a42d7_fk_socialacc; Type: FK CONSTRAINT; Schema: public; Owner: dev_admin
--

ALTER TABLE ONLY public.socialaccount_socialtoken
    ADD CONSTRAINT socialaccount_social_app_id_636a42d7_fk_socialacc FOREIGN KEY (app_id) REFERENCES public.socialaccount_socialapp(id) DEFERRABLE INITIALLY DEFERRED;


--
-- Name: socialaccount_socialapp_sites socialaccount_social_site_id_2579dee5_fk_django_si; Type: FK CONSTRAINT; Schema: public; Owner: dev_admin
--

ALTER TABLE ONLY public.socialaccount_socialapp_sites
    ADD CONSTRAINT socialaccount_social_site_id_2579dee5_fk_django_si FOREIGN KEY (site_id) REFERENCES public.django_site(id) DEFERRABLE INITIALLY DEFERRED;


--
-- Name: socialaccount_socialapp_sites socialaccount_social_socialapp_id_97fb6e7d_fk_socialacc; Type: FK CONSTRAINT; Schema: public; Owner: dev_admin
--

ALTER TABLE ONLY public.socialaccount_socialapp_sites
    ADD CONSTRAINT socialaccount_social_socialapp_id_97fb6e7d_fk_socialacc FOREIGN KEY (socialapp_id) REFERENCES public.socialaccount_socialapp(id) DEFERRABLE INITIALLY DEFERRED;


--
-- Name: socialaccount_socialaccount socialaccount_socialaccount_user_id_8146e70c_fk_core_user_id; Type: FK CONSTRAINT; Schema: public; Owner: dev_admin
--

ALTER TABLE ONLY public.socialaccount_socialaccount
    ADD CONSTRAINT socialaccount_socialaccount_user_id_8146e70c_fk_core_user_id FOREIGN KEY (user_id) REFERENCES public.core_user(id) DEFERRABLE INITIALLY DEFERRED;


--
-- Name: SCHEMA public; Type: ACL; Schema: -; Owner: dev_admin
--

REVOKE ALL ON SCHEMA public FROM yuto;
REVOKE ALL ON SCHEMA public FROM PUBLIC;
GRANT ALL ON SCHEMA public TO dev_admin;
GRANT ALL ON SCHEMA public TO PUBLIC;


--
-- PostgreSQL database dump complete
--

